name,score,description
N-(5-Chlorobenzoxazol-2-yl)acetamide,-10,Substanta INTERZISA in UE (Anexa II)
(2-Acetoxyethyl)trimethylammonium hydroxide (Acetylcholine) and its salts,-10,Substanta INTERZISA in UE (Anexa II)
Deanol aceglumate (INN),-10,Substanta INTERZISA in UE (Anexa II)
Spironolactone (INN),-10,Substanta INTERZISA in UE (Anexa II)
"[4-(4-Hydroxy-3-iodophenoxy)-3,5-diiodophenyl]acetic acid (Tiratricol (INN)) and its salts",-10,Substanta INTERZISA in UE (Anexa II)
Methotrexate (INN),-10,Substanta INTERZISA in UE (Anexa II)
Aminocaproic acid (INN) and its salts,-10,Substanta INTERZISA in UE (Anexa II)
"Cinchophen (INN), its salts, derivatives and salts of these derivatives",-10,Substanta INTERZISA in UE (Anexa II)
Thyropropic acid (INN) and its salts,-10,Substanta INTERZISA in UE (Anexa II)
Trichloroacetic acid,-10,Substanta INTERZISA in UE (Anexa II)
"Aconitum napellus L. (leaves, roots and galenical preparations)",-10,Substanta INTERZISA in UE (Anexa II)
Aconitine (principal alkaloid of Aconitum napellus L.) and its salts,-10,Substanta INTERZISA in UE (Anexa II)
Adonis vernalis L. and its preparations,-10,Substanta INTERZISA in UE (Anexa II)
Epinephrine (INN),-10,Substanta INTERZISA in UE (Anexa II)
"Rauwolfia serpentia L., alkaloids and their salts",-10,Substanta INTERZISA in UE (Anexa II)
"Alkyne alcohols, their esters, ethers and salts",-10,Substanta INTERZISA in UE (Anexa II)
Isoprenaline (INN),-10,Substanta INTERZISA in UE (Anexa II)
Allyl isothiocyanate,-10,Substanta INTERZISA in UE (Anexa II)
Alloclamide (INN) and its salts,-10,Substanta INTERZISA in UE (Anexa II)
"Nalorphine (INN), its salts and ethers",-10,Substanta INTERZISA in UE (Anexa II)
Sympathicomimetic amines acting on the central nervous system: any substance contained in the first list of medicaments which are subject to medical prescription and referred to in Resolution AP (69) 2 of the Council of Europe,-10,Substanta INTERZISA in UE (Anexa II)
"Aniline, its salts and its halogenated and sulphonated derivatives",-10,Substanta INTERZISA in UE (Anexa II)
Betoxycaine (INN) and its salts,-10,Substanta INTERZISA in UE (Anexa II)
Zoxazolamine (INN),-10,Substanta INTERZISA in UE (Anexa II)
"Procainamide (INN), its salts and derivatives",-10,Substanta INTERZISA in UE (Anexa II)
Benzidine,-10,Substanta INTERZISA in UE (Anexa II)
"Tuaminoheptane (INN), its isomers and salts",-10,Substanta INTERZISA in UE (Anexa II)
Octodrine (INN) and its salts,-10,Substanta INTERZISA in UE (Anexa II)
"2-Amino-1,2-bis(4-methoxyphenyl)ethanol and its salts",-10,Substanta INTERZISA in UE (Anexa II)
"1,3-Dimethylpentylamine and its salts",-10,Substanta INTERZISA in UE (Anexa II)
4-Aminosalicylic acid and its salts,-10,Substanta INTERZISA in UE (Anexa II)
"Toluidines, their isomers, salts and halogenated and sulphonated derivatives",-10,Substanta INTERZISA in UE (Anexa II)
"Xylidines, their isomers, salts and halogenated and sulphonated derivatives",-10,Substanta INTERZISA in UE (Anexa II)
"Imperatorin (9-(3-methylbut-2-enyloxy)furo[3,2-g]chromen-7-one)",-10,Substanta INTERZISA in UE (Anexa II)
Ammi majus L. and its galenical preparations,-10,Substanta INTERZISA in UE (Anexa II)
"2,3-Dichloro-2-methylbutane",-10,Substanta INTERZISA in UE (Anexa II)
Substances with androgenic effect,-10,Substanta INTERZISA in UE (Anexa II)
Anthracene oil,-10,Substanta INTERZISA in UE (Anexa II)
"Distillates (coal tar), pitch, pyrene fraction",-10,Substanta INTERZISA in UE (Anexa II)
"Distillates (coal tar), pitch",-10,Substanta INTERZISA in UE (Anexa II)
Antibiotics,-10,Substanta INTERZISA in UE (Anexa II)
Antimony and its compound,-10,Substanta INTERZISA in UE (Anexa II)
Apocynum cannabium L. and its preparations,-10,Substanta INTERZISA in UE (Anexa II)
"Apomorphine ((R)-5,6,6a,7-tetrahydro-6-methyl-4H-dibenzo[de,g]quinoline-10,11-diol)) and its salts",-10,Substanta INTERZISA in UE (Anexa II)
Arsenic and its compounds,-10,Substanta INTERZISA in UE (Anexa II)
Atropa belladonna L. and its preparations,-10,Substanta INTERZISA in UE (Anexa II)
"Atropine, its salts and derivatives",-10,Substanta INTERZISA in UE (Anexa II)
"Barium salts, with the exception of barium sulphide under the conditions laid down in Annex III and of barium sulfate, lakes, salts and pigments prepared from the colouring agents when listed in Annex IV",-10,Substanta INTERZISA in UE (Anexa II)
Benzene,-10,Substanta INTERZISA in UE (Anexa II)
Benzimidazol-2(3H)-one,-10,Substanta INTERZISA in UE (Anexa II)
Benzazepines and benzodiazepines,-10,Substanta INTERZISA in UE (Anexa II)
1-Dimethylaminomethyl-1-methylpropyl benzoate (amylocaine) and its salts,-10,Substanta INTERZISA in UE (Anexa II)
"2,2,6-Trimethyl-4-piperidyl benzoate (eucaine) and its salts",-10,Substanta INTERZISA in UE (Anexa II)
Isocarboxazid (INN),-10,Substanta INTERZISA in UE (Anexa II)
Bendroflumethiazide (INN) and its derivatives,-10,Substanta INTERZISA in UE (Anexa II)
Beryllium and its compounds,-10,Substanta INTERZISA in UE (Anexa II)
"Bromine, elemental",-10,Substanta INTERZISA in UE (Anexa II)
Bretylium tosilate (INN),-10,Substanta INTERZISA in UE (Anexa II)
Carbromal (INN),-10,Substanta INTERZISA in UE (Anexa II)
Bromisoval (INN),-10,Substanta INTERZISA in UE (Anexa II)
Brompheniramine (INN) and its salts,-10,Substanta INTERZISA in UE (Anexa II)
Benzilonium bromide (INN),-10,Substanta INTERZISA in UE (Anexa II)
Tetrylammonium bromide (INN),-10,Substanta INTERZISA in UE (Anexa II)
Brucine,-10,Substanta INTERZISA in UE (Anexa II)
Tetracaine (INN) and its salts,-10,Substanta INTERZISA in UE (Anexa II)
Mofebutazone (INN),-10,Substanta INTERZISA in UE (Anexa II)
Tolbutamide (INN),-10,Substanta INTERZISA in UE (Anexa II)
Carbutamide (INN),-10,Substanta INTERZISA in UE (Anexa II)
Phenylbutazone (INN),-10,Substanta INTERZISA in UE (Anexa II)
Cadmium and its compounds,-10,Substanta INTERZISA in UE (Anexa II)
"Cantharides, Cantharis vesicatoria",-10,Substanta INTERZISA in UE (Anexa II)
Cantharidine,-10,Substanta INTERZISA in UE (Anexa II)
Phenprobamate (INN),-10,Substanta INTERZISA in UE (Anexa II)
Nitroderivatives of carbazole,-10,Substanta INTERZISA in UE (Anexa II)
Carbon disulphide,-10,Substanta INTERZISA in UE (Anexa II)
Catalase,-10,Substanta INTERZISA in UE (Anexa II)
Cephaeline and its salts,-10,Substanta INTERZISA in UE (Anexa II)
Chenopodium ambrosioides L. (essential oil),-10,Substanta INTERZISA in UE (Anexa II)
"2,2,2-Trichloroethane-1,1-diol",-10,Substanta INTERZISA in UE (Anexa II)
Chlorine,-10,Substanta INTERZISA in UE (Anexa II)
Chlorpropamide (INN),-10,Substanta INTERZISA in UE (Anexa II)
Moved or deleted,-10,Substanta INTERZISA in UE (Anexa II)
"4-Phenylazophenylene-1,3-diamine citrate hydrochloride (Chrysoidine citrate hydrochloride)",-10,Substanta INTERZISA in UE (Anexa II)
Chlorzoxazone (INN),-10,Substanta INTERZISA in UE (Anexa II)
2-Chloro-6-methylpyrimidin-4-yldimethylamine (crimidine-ISO),-10,Substanta INTERZISA in UE (Anexa II)
Chlorprothixene (INN) and its salts,-10,Substanta INTERZISA in UE (Anexa II)
Clofenamide (INN),-10,Substanta INTERZISA in UE (Anexa II)
"N,N-bis(2-Chloroethyl)methylamine N-oxide and its salts",-10,Substanta INTERZISA in UE (Anexa II)
Chlormethine (INN) and its salts,-10,Substanta INTERZISA in UE (Anexa II)
Cyclophosphamide (INN) and its salts,-10,Substanta INTERZISA in UE (Anexa II)
Mannomustine (INN) and its salts,-10,Substanta INTERZISA in UE (Anexa II)
Butanilicaine (INN) and its salts,-10,Substanta INTERZISA in UE (Anexa II)
Chlormezanone (INN),-10,Substanta INTERZISA in UE (Anexa II)
Triparanol (INN),-10,Substanta INTERZISA in UE (Anexa II)
"2-[2-(4-Chlorophenyl)-2-phenylacetyl]indan 1,3-dione (chlorophacinone - ISO)",-10,Substanta INTERZISA in UE (Anexa II)
Chlorphenoxamine (INN),-10,Substanta INTERZISA in UE (Anexa II)
Phenaglycodol (INN),-10,Substanta INTERZISA in UE (Anexa II)
Chloroethane,-10,Substanta INTERZISA in UE (Anexa II)
Chromium; chromic acid and its salts,-10,Substanta INTERZISA in UE (Anexa II)
"Claviceps purpurea Tul., its alkaloids and galenical preparations",-10,Substanta INTERZISA in UE (Anexa II)
"Conium maculatum L. (fruit, powder, galenical preparations)",-10,Substanta INTERZISA in UE (Anexa II)
Glycyclamide (INN),-10,Substanta INTERZISA in UE (Anexa II)
Cobalt benzenesulphonate,-10,Substanta INTERZISA in UE (Anexa II)
"Colchicine, its salts and derivatives",-10,Substanta INTERZISA in UE (Anexa II)
Colchicoside and its derivatives,-10,Substanta INTERZISA in UE (Anexa II)
Colchicum autumnale L. and its galenical preparations,-10,Substanta INTERZISA in UE (Anexa II)
Convallatoxin,-10,Substanta INTERZISA in UE (Anexa II)
Anamirta cocculus L. (fruit),-10,Substanta INTERZISA in UE (Anexa II)
Croton tiglium L. (oil),-10,Substanta INTERZISA in UE (Anexa II)
1-Butyl-3-(N-crotonoylsulphanilyl)urea,-10,Substanta INTERZISA in UE (Anexa II)
Curare and curarine,-10,Substanta INTERZISA in UE (Anexa II)
Synthetic curarizants,-10,Substanta INTERZISA in UE (Anexa II)
Hydrogen cyanide and its salts,-10,Substanta INTERZISA in UE (Anexa II)
"Feclemine (INN); 2-(alpha-Cyclohexylbenzyl)-N,N,N',N'-tetraethyl-1,3-propanediamine",-10,Substanta INTERZISA in UE (Anexa II)
Cyclomenol (INN) and its salts,-10,Substanta INTERZISA in UE (Anexa II)
Sodium hexacyclonate (INN),-10,Substanta INTERZISA in UE (Anexa II)
Hexapropymate (INN),-10,Substanta INTERZISA in UE (Anexa II)
Moved or deleted,-10,Substanta INTERZISA in UE (Anexa II)
"O,O'-Diacetyl-N-allyl-N-normorphine; Diacetylnalorphine",-10,Substanta INTERZISA in UE (Anexa II)
Pipazetate (INN) and its salts,-10,Substanta INTERZISA in UE (Anexa II)
"5-(alpha,beta-Dibromophenethyl)-5-methylhydantoin",-10,Substanta INTERZISA in UE (Anexa II)
"N,N'-Pentamethylenebis(trimethylammonium) salts, e.g. pentamethonium bromide (INN)",-10,Substanta INTERZISA in UE (Anexa II)
"N,N'-[(Methylimino)diethylene]bis(ethyldimethylammonium) salts, e.g. azamethonium bromide (INN)",-10,Substanta INTERZISA in UE (Anexa II)
Cyclarbamate (INN),-10,Substanta INTERZISA in UE (Anexa II)
Clofenotane (INN); DDT (ISO),-10,Substanta INTERZISA in UE (Anexa II)
"N,N'-Hexamethylenebis (trimethylammonium) salts, e.g. hexamethonium bromide (INN)",-10,Substanta INTERZISA in UE (Anexa II)
"Dichloroethanes (ethylene chlorides) e.g. 1,2-Dichloroethane",-10,Substanta INTERZISA in UE (Anexa II)
"Dichloroethylenes (acetylene chlorides) e.g. Vinylidene chloride (1,1-Dichloroethylene)",-10,Substanta INTERZISA in UE (Anexa II)
Lysergide (INN) (LSD) and its salts,-10,Substanta INTERZISA in UE (Anexa II)
2-Diethylaminoethyl 3-hydroxy-4-phenylbenzoate and its salts,-10,Substanta INTERZISA in UE (Anexa II)
Cinchocaine (INN) and its salts,-10,Substanta INTERZISA in UE (Anexa II)
3-Diethylaminopropyl cinnamate,-10,Substanta INTERZISA in UE (Anexa II)
"O,O'-Diethyl-O-4-nitrophenyl phosphorothioate (Parathion - ISO)",-10,Substanta INTERZISA in UE (Anexa II)
"[Oxalylbis(iminoethylene)]bis[(o-chlorobenzyl)diethylammonium] salts, e.g. ambenonium chloride (INN)",-10,Substanta INTERZISA in UE (Anexa II)
Methyprylon (INN) and its salts,-10,Substanta INTERZISA in UE (Anexa II)
Digitaline and all heterosides of Digitalis purpurea L.,-10,Substanta INTERZISA in UE (Anexa II)
7-[2-Hydroxy-3-(N-(2-hydroxyethyl)-N-methylamino)propyl]theophylline; (Xanthinol),-10,Substanta INTERZISA in UE (Anexa II)
Dioxethedrin (INN) and its salts,-10,Substanta INTERZISA in UE (Anexa II)
Piprocurarium iodide (INN),-10,Substanta INTERZISA in UE (Anexa II)
Propyphenazone (INN),-10,Substanta INTERZISA in UE (Anexa II)
Tetrabenazine (INN) and its salts,-10,Substanta INTERZISA in UE (Anexa II)
Captodiame (INN),-10,Substanta INTERZISA in UE (Anexa II)
Mefeclorazine (INN) and its salts,-10,Substanta INTERZISA in UE (Anexa II)
Dimethylamine,-10,Substanta INTERZISA in UE (Anexa II)
"1,1-Bis(dimethylaminomethyl)propyl benzoate (amydricaine, alypine) and its salts",-10,Substanta INTERZISA in UE (Anexa II)
Methapyrilene (INN) and its salts,-10,Substanta INTERZISA in UE (Anexa II)
Metamfepramone (INN) and its salts,-10,Substanta INTERZISA in UE (Anexa II)
Amitriptyline (INN) and its salts,-10,Substanta INTERZISA in UE (Anexa II)
Metformin (INN) and its salts,-10,Substanta INTERZISA in UE (Anexa II)
Isosorbide dinitrate (INN),-10,Substanta INTERZISA in UE (Anexa II)
Malononitrile,-10,Substanta INTERZISA in UE (Anexa II)
Succinonitrile,-10,Substanta INTERZISA in UE (Anexa II)
Dinitrophenol isomers,-10,Substanta INTERZISA in UE (Anexa II)
Inproquone (INN),-10,Substanta INTERZISA in UE (Anexa II)
Dimevamide (INN) and its salts,-10,Substanta INTERZISA in UE (Anexa II)
Diphenylpyraline (INN) and its salts,-10,Substanta INTERZISA in UE (Anexa II)
Sulfinpyrazone (INN),-10,Substanta INTERZISA in UE (Anexa II)
"N-(3-Carbamoyl-3,3-diphenylpropyl)-N,N-diisopropylmethylammonium salts, e.g. isopropamide iodide (INN)",-10,Substanta INTERZISA in UE (Anexa II)
Benactyzine (INN),-10,Substanta INTERZISA in UE (Anexa II)
Benzatropine (INN) and its salts,-10,Substanta INTERZISA in UE (Anexa II)
Cyclizine (INN) and its salts,-10,Substanta INTERZISA in UE (Anexa II)
"5,5-Diphenyl-4-imidazolidone (Doxenitoin (INN))",-10,Substanta INTERZISA in UE (Anexa II)
Probenecid (INN),-10,Substanta INTERZISA in UE (Anexa II)
Disulfiram (INN); thiram (ISO) (INN),-10,Substanta INTERZISA in UE (Anexa II)
"Emetine, its salts and derivatives",-10,Substanta INTERZISA in UE (Anexa II)
Ephedrine and its salts,-10,Substanta INTERZISA in UE (Anexa II)
Oxanamide (INN) and its derivatives,-10,Substanta INTERZISA in UE (Anexa II)
Eserine or physostigmine and its salts,-10,Substanta INTERZISA in UE (Anexa II)
"4-Aminobenzoic acid and its esters, with the free amino group",-10,Substanta INTERZISA in UE (Anexa II)
Choline salts and their esters e.g. choline chloride (INN),-10,Substanta INTERZISA in UE (Anexa II)
Caramiphen (INN) and its salts,-10,Substanta INTERZISA in UE (Anexa II)
Diethyl 4-nitrophenyl phosphate (Paraoxon - ISO),-10,Substanta INTERZISA in UE (Anexa II)
Metethoheptazine (INN) and its salts,-10,Substanta INTERZISA in UE (Anexa II)
Oxpheneridine (INN) and its salts,-10,Substanta INTERZISA in UE (Anexa II)
Ethoheptazine (INN) and its salts,-10,Substanta INTERZISA in UE (Anexa II)
Metheptazine (INN) and its salts,-10,Substanta INTERZISA in UE (Anexa II)
Methylphenidate (INN) and its salts,-10,Substanta INTERZISA in UE (Anexa II)
Doxylamine (INN) and its salts,-10,Substanta INTERZISA in UE (Anexa II)
Tolboxane (INN),-10,Substanta INTERZISA in UE (Anexa II)
4-Benzyloxyphenol and 4-ethoxyphenol,-10,Substanta INTERZISA in UE (Anexa II)
Parethoxycaine (INN) and its salts,-10,Substanta INTERZISA in UE (Anexa II)
Fenozolone (INN),-10,Substanta INTERZISA in UE (Anexa II)
Glutethimide (INN) and its salts,-10,Substanta INTERZISA in UE (Anexa II)
Ethylene oxide,-10,Substanta INTERZISA in UE (Anexa II)
Bemegride (INN) and its salts,-10,Substanta INTERZISA in UE (Anexa II)
Valnoctamide (INN),-10,Substanta INTERZISA in UE (Anexa II)
Haloperidol (INN),-10,Substanta INTERZISA in UE (Anexa II)
Paramethasone (INN),-10,Substanta INTERZISA in UE (Anexa II)
Fluanisone (INN),-10,Substanta INTERZISA in UE (Anexa II)
Trifluperidol (INN),-10,Substanta INTERZISA in UE (Anexa II)
Fluoresone (INN),-10,Substanta INTERZISA in UE (Anexa II)
Fluorouracil (INN),-10,Substanta INTERZISA in UE (Anexa II)
"Hydrofluoric acid, its normal salts, its complexes and hydrofluorides with exception of those given in Annex III",-10,Substanta INTERZISA in UE (Anexa II)
"Furfuryltrimethyl ammonium salts, e.g. furtrethonium iodide (INN)",-10,Substanta INTERZISA in UE (Anexa II)
Galantamine (INN),-10,Substanta INTERZISA in UE (Anexa II)
Progestogens,-10,Substanta INTERZISA in UE (Anexa II)
"1,2,3,4,5,6-Hexachlorocyclohexane (BHC-ISO)",-10,Substanta INTERZISA in UE (Anexa II)
"(1R,4S,5R,8S)-1,2,3,4,10,10-Hexachloro-6,7-epoxy-1,4,4a,5,6,7,8,8a-octahydro-1,4:5,8-dimethanonaphthalene (endrin - ISO)",-10,Substanta INTERZISA in UE (Anexa II)
Hexachloroethane,-10,Substanta INTERZISA in UE (Anexa II)
"(1R,4S,5R,8S)-1,2,3,4,10,10-Hexachloro-1,4,4a,5,8,8a-hexahydro-1,4:5,8-dimethanonaphthalene (Isodrin-ISO)",-10,Substanta INTERZISA in UE (Anexa II)
"Hydrastine, hydrastinine and their salts",-10,Substanta INTERZISA in UE (Anexa II)
Hydrazides and their salts e.g. Isoniazid (INN),-10,Substanta INTERZISA in UE (Anexa II)
"Hydrazine, its derivatives and their salts",-10,Substanta INTERZISA in UE (Anexa II)
Octamoxin (INN) and its salts,-10,Substanta INTERZISA in UE (Anexa II)
Warfarin (INN) and its salts,-10,Substanta INTERZISA in UE (Anexa II)
Ethyl bis(4-hydroxy-2-oxo-1-benzopyran-3-yl)acetate and salts of the acid,-10,Substanta INTERZISA in UE (Anexa II)
Methocarbamol (INN),-10,Substanta INTERZISA in UE (Anexa II)
Propatylnitrate (INN),-10,Substanta INTERZISA in UE (Anexa II)
"4,4'-Dihydroxy-3,3'-(3-methylthiopropylidene) dicoumarin",-10,Substanta INTERZISA in UE (Anexa II)
Fenadiazole (INN),-10,Substanta INTERZISA in UE (Anexa II)
Nitroxoline (INN) and its salts,-10,Substanta INTERZISA in UE (Anexa II)
"Hyoscyamine, its salts and derivatives",-10,Substanta INTERZISA in UE (Anexa II)
"Hyoscyamus niger L. (leaves, seeds, powder and galenical preparations)",-10,Substanta INTERZISA in UE (Anexa II)
Pemoline (INN) and its salts,-10,Substanta INTERZISA in UE (Anexa II)
Iodine,-10,Substanta INTERZISA in UE (Anexa II)
"Decamethylenebis(trimethylammonium) salts, e.g. decamethonium bromide (INN)",-10,Substanta INTERZISA in UE (Anexa II)
"Ipecacuanha (Cephaelis ipecacuanha Brot. and related species) (roots, powder and galenical preparations)",-10,Substanta INTERZISA in UE (Anexa II)
(2-Isopropylpent-4-enoyl)urea (apronalide),-10,Substanta INTERZISA in UE (Anexa II)
"alpha-Santonin [(3S,5aR,9bS)-3,3a,4,5,5a,9b-hexahydro-3,5a,9-trimethylnaphto[1,2-b]furan-2,8-dione]",-10,Substanta INTERZISA in UE (Anexa II)
Lobelia inflata L. and its galenical preparations,-10,Substanta INTERZISA in UE (Anexa II)
Lobeline (INN) and its salts,-10,Substanta INTERZISA in UE (Anexa II)
Barbiturates,-10,Substanta INTERZISA in UE (Anexa II)
"Mercury and its compounds, except those special cases included in Annex V",-10,Substanta INTERZISA in UE (Anexa II)
"3,4,5-Trimethoxyphenethylamine (Mescaline) and its salts",-10,Substanta INTERZISA in UE (Anexa II)
Metaldehyde,-10,Substanta INTERZISA in UE (Anexa II)
"2-(4-Allyl-2-methoxyphenoxy)-N,N-diethylacetamide and its salts",-10,Substanta INTERZISA in UE (Anexa II)
Coumetarol (INN),-10,Substanta INTERZISA in UE (Anexa II)
Dextromethorphan (INN) and its salts,-10,Substanta INTERZISA in UE (Anexa II)
2-Methylheptylamine and its salts,-10,Substanta INTERZISA in UE (Anexa II)
Isometheptene (INN) and its salts,-10,Substanta INTERZISA in UE (Anexa II)
Mecamylamine (INN),-10,Substanta INTERZISA in UE (Anexa II)
Guaifenesin (INN),-10,Substanta INTERZISA in UE (Anexa II)
Dicoumarol (INN),-10,Substanta INTERZISA in UE (Anexa II)
"Phenmetrazine (INN), its derivatives and salts",-10,Substanta INTERZISA in UE (Anexa II)
Thiamazole (INN),-10,Substanta INTERZISA in UE (Anexa II)
"3,4-Dihydro-2-methoxy-2-methyl-4-phenyl-2H,5H-pyrano[3,2-c]-[1]benzopyran-5-one (cyclocoumarol)",-10,Substanta INTERZISA in UE (Anexa II)
Carisoprodol (INN),-10,Substanta INTERZISA in UE (Anexa II)
Meprobamate (INN),-10,Substanta INTERZISA in UE (Anexa II)
Tefazoline (INN) and its salts,-10,Substanta INTERZISA in UE (Anexa II)
Arecoline,-10,Substanta INTERZISA in UE (Anexa II)
Poldine metilsulfate (INN),-10,Substanta INTERZISA in UE (Anexa II)
Hydroxyzine (INN),-10,Substanta INTERZISA in UE (Anexa II)
2-Naphthol,-10,Substanta INTERZISA in UE (Anexa II)
1- and 2-Naphthylamines and their salts,-10,Substanta INTERZISA in UE (Anexa II)
3-(1-Naphthyl)-4-hydroxycoumarin,-10,Substanta INTERZISA in UE (Anexa II)
Naphazoline (INN) and its salts,-10,Substanta INTERZISA in UE (Anexa II)
Neostigmine and its salts (e.g. neostigmine bromide (INN)),-10,Substanta INTERZISA in UE (Anexa II)
Nicotine and its salts,-10,Substanta INTERZISA in UE (Anexa II)
Amyl nitrites,-10,Substanta INTERZISA in UE (Anexa II)
"Inorganic nitrites, with exception of sodium nitrite",-10,Substanta INTERZISA in UE (Anexa II)
Nitrobenzene,-10,Substanta INTERZISA in UE (Anexa II)
Nitrocresols and their alkali metal salts,-10,Substanta INTERZISA in UE (Anexa II)
Nitrofurantoin (INN),-10,Substanta INTERZISA in UE (Anexa II)
Furazolidone (INN),-10,Substanta INTERZISA in UE (Anexa II)
"Nitroglycerin; Propane-1,2,3-triyl trinitrate",-10,Substanta INTERZISA in UE (Anexa II)
Acenocoumarol (INN),-10,Substanta INTERZISA in UE (Anexa II)
Alkali pentacyanonitrosylferrate (2-),-10,Substanta INTERZISA in UE (Anexa II)
"Nitrostilbenes, their homologues and their derivatives",-10,Substanta INTERZISA in UE (Anexa II)
Noradrenaline and its salts,-10,Substanta INTERZISA in UE (Anexa II)
Noscapine (INN) and its salts,-10,Substanta INTERZISA in UE (Anexa II)
Guanethidine (INN) and its salts,-10,Substanta INTERZISA in UE (Anexa II)
Oestrogens,-10,Substanta INTERZISA in UE (Anexa II)
Oleandrin,-10,Substanta INTERZISA in UE (Anexa II)
Chlortalidone (INN),-10,Substanta INTERZISA in UE (Anexa II)
Pelletierine and its salts,-10,Substanta INTERZISA in UE (Anexa II)
Pentachloroethane,-10,Substanta INTERZISA in UE (Anexa II)
Pentaerithrityl tetranitrate (INN),-10,Substanta INTERZISA in UE (Anexa II)
Petrichloral (INN),-10,Substanta INTERZISA in UE (Anexa II)
Octamylamine (INN) and its salts,-10,Substanta INTERZISA in UE (Anexa II)
Picric acid,-10,Substanta INTERZISA in UE (Anexa II)
Phenacemide (INN),-10,Substanta INTERZISA in UE (Anexa II)
Difencloxazine (INN),-10,Substanta INTERZISA in UE (Anexa II)
"2-Phenylindan-1,3-dione (Phenindione (INN))",-10,Substanta INTERZISA in UE (Anexa II)
Ethylphenacemide (pheneturide (INN)),-10,Substanta INTERZISA in UE (Anexa II)
Phenprocoumon (INN),-10,Substanta INTERZISA in UE (Anexa II)
Fenyramidol (INN),-10,Substanta INTERZISA in UE (Anexa II)
Triamterene (INN) and its salts,-10,Substanta INTERZISA in UE (Anexa II)
Tetraethyl pyrophosphate   (TEPP - ISO),-10,Substanta INTERZISA in UE (Anexa II)
Tritolyl phosphate,-10,Substanta INTERZISA in UE (Anexa II)
Psilocybine (INN),-10,Substanta INTERZISA in UE (Anexa II)
Phosphorus and metalphosphides,-10,Substanta INTERZISA in UE (Anexa II)
Thalidomide (INN) and its salts,-10,Substanta INTERZISA in UE (Anexa II)
Physostigma venenosum Balf.,-10,Substanta INTERZISA in UE (Anexa II)
Picrotoxin,-10,Substanta INTERZISA in UE (Anexa II)
Pilocarpine and its salts,-10,Substanta INTERZISA in UE (Anexa II)
"alpha-Piperidin-2-ylbenzyl acetate, laevorotatory threoform (levofacetoperane (INN)) and its salts",-10,Substanta INTERZISA in UE (Anexa II)
Pipradrol (INN) and its salts,-10,Substanta INTERZISA in UE (Anexa II)
Azacyclonol (INN) and its salts,-10,Substanta INTERZISA in UE (Anexa II)
Bietamiverine (INN),-10,Substanta INTERZISA in UE (Anexa II)
Butopiprine (INN) and its salts,-10,Substanta INTERZISA in UE (Anexa II)
Lead and its compounds,-10,Substanta INTERZISA in UE (Anexa II)
Coniine,-10,Substanta INTERZISA in UE (Anexa II)
"Prunus laurocerasus L. (""cherry laurel water"")",-10,Substanta INTERZISA in UE (Anexa II)
Metyrapone (INN),-10,Substanta INTERZISA in UE (Anexa II)
"Radioactive substances, as defined by Directive 96/29/Euratom (1) laying down the basic safety standards for the protection of the health of workers and the general public against the dangers arising from ionising radiation",-10,Substanta INTERZISA in UE (Anexa II)
"Juniperus sabina L. (leaves, essential oil and galenical preparations)",-10,Substanta INTERZISA in UE (Anexa II)
"Hyoscine, its salts and derivatives",-10,Substanta INTERZISA in UE (Anexa II)
Gold salts,-10,Substanta INTERZISA in UE (Anexa II)
Selenium and its compounds with the exception of selenium disulphide under the conditions set out under reference No 49 in Annex III,-10,Substanta INTERZISA in UE (Anexa II)
Solanum nigrum L. and its galenical preparations,-10,Substanta INTERZISA in UE (Anexa II)
Sparteine (INN) and its salts,-10,Substanta INTERZISA in UE (Anexa II)
Glucocorticoids (Corticosteroids),-10,Substanta INTERZISA in UE (Anexa II)
Datura stramonium L. and its galenical preparations,-10,Substanta INTERZISA in UE (Anexa II)
"Strophantines, their aglucones and their respective derivatives",-10,Substanta INTERZISA in UE (Anexa II)
Strophantus species and their galenical preparations,-10,Substanta INTERZISA in UE (Anexa II)
Strychnine and its salts,-10,Substanta INTERZISA in UE (Anexa II)
Strychnos species and their galenical preparations,-10,Substanta INTERZISA in UE (Anexa II)
"Narcotics, natural and synthetic: All substances listed in Tables I and II of the Single Convention on Narcotic Drugs signed in New York on 30 March 1961",-10,Substanta INTERZISA in UE (Anexa II)
Sulphonamides (sulphanilamide and its derivatives obtained by substitution of one or more H-atoms of the -NH2 groups) and their salts,-10,Substanta INTERZISA in UE (Anexa II)
Sultiame (INN),-10,Substanta INTERZISA in UE (Anexa II)
Neodymium and its salts,-10,Substanta INTERZISA in UE (Anexa II)
Thiotepa (INN),-10,Substanta INTERZISA in UE (Anexa II)
Pilocarpus jaborandi Holmes and its galenical preparations,-10,Substanta INTERZISA in UE (Anexa II)
Tellurium and its compounds,-10,Substanta INTERZISA in UE (Anexa II)
Xylometazoline (INN) and its salts,-10,Substanta INTERZISA in UE (Anexa II)
Tetrachloroethylene,-10,Substanta INTERZISA in UE (Anexa II)
Carbon tetrachloride,-10,Substanta INTERZISA in UE (Anexa II)
Hexaethyl tetraphosphate,-10,Substanta INTERZISA in UE (Anexa II)
Thallium and its compounds,-10,Substanta INTERZISA in UE (Anexa II)
"Thevetia neriifolia Juss., Glycoside extract",-10,Substanta INTERZISA in UE (Anexa II)
Ethionamide (INN),-10,Substanta INTERZISA in UE (Anexa II)
Phenothiazine (INN) and its compounds,-10,Substanta INTERZISA in UE (Anexa II)
"Thiourea and its derivatives, with the exception of the one listed in Annex III",-10,Substanta INTERZISA in UE (Anexa II)
Mephenesin (INN) and its esters,-10,Substanta INTERZISA in UE (Anexa II)
"Vaccines, toxins or serums defined as immunological medicinal products pursuant to Article 1(4) of Directive 2001/83/EC",-10,Substanta INTERZISA in UE (Anexa II)
Tranylcypromine (INN) and its salts,-10,Substanta INTERZISA in UE (Anexa II)
Trichloronitromethane (chloropicrine),-10,Substanta INTERZISA in UE (Anexa II)
"2,2,2-Tribromoethanol (tribromoethyl alcohol)",-10,Substanta INTERZISA in UE (Anexa II)
Trichlormethine (INN) and its salts,-10,Substanta INTERZISA in UE (Anexa II)
Tretamine (INN),-10,Substanta INTERZISA in UE (Anexa II)
Gallamine triethiodide (INN),-10,Substanta INTERZISA in UE (Anexa II)
Urginea scilla Steinh. and its galenical preparations,-10,Substanta INTERZISA in UE (Anexa II)
"Veratrine, its salts and galenical preparations",-10,Substanta INTERZISA in UE (Anexa II)
Schoenocaulon officinale Lind (seeds and galenical preparations),-10,Substanta INTERZISA in UE (Anexa II)
Veratrum spp. and their preparations,-10,Substanta INTERZISA in UE (Anexa II)
Vinyl chloride monomer,-10,Substanta INTERZISA in UE (Anexa II)
Ergocalciferol (INN) and Cholecalciferol (vitamins D2 and D3),-10,Substanta INTERZISA in UE (Anexa II)
Salts of O-alkyldithiocarbonic acids,-10,Substanta INTERZISA in UE (Anexa II)
Yohimbine and its salts,-10,Substanta INTERZISA in UE (Anexa II)
Dimethyl sulfoxide (INN),-10,Substanta INTERZISA in UE (Anexa II)
Diphenhydramine (INN) and its salts,-10,Substanta INTERZISA in UE (Anexa II)
4-tert-Butylphenol,-10,Substanta INTERZISA in UE (Anexa II)
4-tert-Butylpyrocatechol,-10,Substanta INTERZISA in UE (Anexa II)
Dihydrotachysterol (INN),-10,Substanta INTERZISA in UE (Anexa II)
Dioxane,-10,Substanta INTERZISA in UE (Anexa II)
Morpholine and its salts,-10,Substanta INTERZISA in UE (Anexa II)
Pyrethrum album L. and its galenical preparations,-10,Substanta INTERZISA in UE (Anexa II)
2-[4-Methoxybenzyl-N-(2-pyridyl)amino]ethyldimethylamine maleate (Mepyramine maleate; pyrilamine maleate),-10,Substanta INTERZISA in UE (Anexa II)
Tripelennamine (INN),-10,Substanta INTERZISA in UE (Anexa II)
Tetrachlorosalicylanilides,-10,Substanta INTERZISA in UE (Anexa II)
Dichlorosalicylanilides,-10,Substanta INTERZISA in UE (Anexa II)
Tetrabromosalicylanilides,-10,Substanta INTERZISA in UE (Anexa II)
Dibromosalicylanilides,-10,Substanta INTERZISA in UE (Anexa II)
Bithionol (INN),-10,Substanta INTERZISA in UE (Anexa II)
Thiuram monosulphides,-10,Substanta INTERZISA in UE (Anexa II)
Moved or deleted,-10,Substanta INTERZISA in UE (Anexa II)
"Dimethylformamide (N,N-Dimethylformamide)",-10,Substanta INTERZISA in UE (Anexa II)
4-Phenylbut-3-en-2-one (Benzylideneacetone),-10,Substanta INTERZISA in UE (Anexa II)
Benzoates of 4-hydroxy-3-methoxycinnamyl alcohol (coniferyl alcohol) except for normal content in natural essences used,-10,Substanta INTERZISA in UE (Anexa II)
"Furocoumarines (e.g. trioxysalen (INN), 8-methoxypsoralen, 5-methoxypsoralen) except for normal content in natural essences used. 
In sun protection and in bronzing products, furocoumarines shall be below 1 mg/kg",-10,Substanta INTERZISA in UE (Anexa II)
Oil from the seeds of Laurus nobilis L.,-10,Substanta INTERZISA in UE (Anexa II)
"Safrole, except for normal content in the natural essences used and provided that the concentration does not exceed: 
100 ppm in the finished cosmetic product, 50 ppm in products for dental and oral hygiene, and provided that Safrole is not present in toothpastes intended specifically for children",-10,Substanta INTERZISA in UE (Anexa II)
"5,5'-Di-isopropyl-2,2'-dimethylbiphenyl-4,4'-diyl dihypoiodite (thymol iodide)",-10,Substanta INTERZISA in UE (Anexa II)
"3'-Ethyl-5',6',7',8'-tetrahydro-5',5',8',8'-tetramethyl-2'-acetonaphthone or 7-acetyl-6-ethyl-1,1,4,4-tetramethyl-1,2,3,4-tetrahydronaphthalen (AETT; Versalide)",-10,Substanta INTERZISA in UE (Anexa II)
o-Phenylenediamine and its salts,-10,Substanta INTERZISA in UE (Anexa II)
"4-Methyl-m-phenylenediamine (Toluene-2,4-diamine) and its salts",-10,Substanta INTERZISA in UE (Anexa II)
Aristolochic acid and its salts; Aristolochia spp. and their preparations,-10,Substanta INTERZISA in UE (Anexa II)
Chloroform,-10,Substanta INTERZISA in UE (Anexa II)
"2,3,7,8-Tetrachlorodibenzo-p-dioxin (TCDD)",-10,Substanta INTERZISA in UE (Anexa II)
"2,6-Dimethyl-1,3-dioxan-4-yl acetate (Dimethoxane)",-10,Substanta INTERZISA in UE (Anexa II)
Pyrithione sodium (INNM) (2),-10,Substanta INTERZISA in UE (Anexa II)
"captan (ISO); 1,2,3,6-tetrahydro-N-(trichloromethylthio)phthalimide",-10,Substanta INTERZISA in UE (Anexa II)
"2,2'-Dihydroxy-3,3',5,5',6,6'-hexachlorodiphenylmethane (Hexachlorophene (INN))",-10,Substanta INTERZISA in UE (Anexa II)
"6-(Piperidinyl)-2,4-pyrimidinediamine-3-oxide (Minoxidil (INN)) and its salts",-10,Substanta INTERZISA in UE (Anexa II)
"3,4',5-Tribromosalicylanilide (Tribromsalan (INN))",-10,Substanta INTERZISA in UE (Anexa II)
Phytolacca spp. and their preparations,-10,Substanta INTERZISA in UE (Anexa II)
Tretinoin (INN) (retinoic acid and its salts),-10,Substanta INTERZISA in UE (Anexa II)
"1-Methoxy-2,4-diaminobenzene (2,4-Diaminoanisole - CI 76050) and its salts",-10,Substanta INTERZISA in UE (Anexa II)
"1-Methoxy-2,5-diaminobenzene (2,5-Diaminoanisole) and its salts",-10,Substanta INTERZISA in UE (Anexa II)
Colouring agent CI 12140,-10,Substanta INTERZISA in UE (Anexa II)
Colouring agent CI 26105 (Solvent Red 24),-10,Substanta INTERZISA in UE (Anexa II)
"4-[[4,4'-bis(dimethylamino)benzhydrylidene]cyclohexa-2,5-dien-1-ylidene]dimethylammonium chloride [1]; tris[4-(dimethylamino) phenyl]methanol [2]",-10,Substanta INTERZISA in UE (Anexa II)
"Amyl 4-dimethylaminobenzoate, mixed isomers (Padimate A (INN))",-10,Substanta INTERZISA in UE (Anexa II)
2-Amino-4-nitrophenol,-10,Substanta INTERZISA in UE (Anexa II)
2-Amino-5-nitrophenol,-10,Substanta INTERZISA in UE (Anexa II)
"11-alpha-Hydroxypregn-4-ene-3,20-dione and its esters",-10,Substanta INTERZISA in UE (Anexa II)
"Colouring agent CI 42640 ([4-[[4-(Dimethylamino)phenyl][4-[ethyl(3-sulphonatobenzyl)amino]phenyl]methylene]cyclohexa-2,5-dien-1-ylidene](ethyl)(3-sulphonatobenzyl)ammonium, sodium salt)",-10,Substanta INTERZISA in UE (Anexa II)
Colouring agent CI 13065,-10,Substanta INTERZISA in UE (Anexa II)
Colouring agent CI 42535 (Basic Violet 1),-10,Substanta INTERZISA in UE (Anexa II)
Colouring agent CI 61554 (Solvent Blue 35),-10,Substanta INTERZISA in UE (Anexa II)
Anti-androgens of steroidal structure,-10,Substanta INTERZISA in UE (Anexa II)
"Zirconium and its compounds, with the exception of the substances listed under reference number 50 in Annex III, and the zirconium lakes, pigments or salts of the colouring agents when listed Annex IV",-10,Substanta INTERZISA in UE (Anexa II)
Moved or deleted,-10,Substanta INTERZISA in UE (Anexa II)
Acetonitrile,-10,Substanta INTERZISA in UE (Anexa II)
Tetrahydrozoline (Tetryzoline (INN)) and its salts,-10,Substanta INTERZISA in UE (Anexa II)
"Hydroxy-8-quinoline and its sulphate bis(8-hydroxyquinolinium) sulphate, except for the uses of the  sulphate provided for in entry 51 of Annex III",-10,Substanta INTERZISA in UE (Anexa II)
"Dithio-2,2'-bispyridine-dioxide-1,1' (additive with trihydrated magnesium sulphate) - (pyrithione disulphide + magnesium sulphate)",-10,Substanta INTERZISA in UE (Anexa II)
"Colouring agent CI 12075 (Pigment Orange 5) and its lakes, pigments and salts",-10,Substanta INTERZISA in UE (Anexa II)
"Colouring agent CI 45170, Colouring agent CI 45170:1 (Basic Violet 10)",-10,Substanta INTERZISA in UE (Anexa II)
Lidocaine (INN),-10,Substanta INTERZISA in UE (Anexa II)
"1,2-Epoxybutane",-10,Substanta INTERZISA in UE (Anexa II)
Colouring agent CI 15585,-10,Substanta INTERZISA in UE (Anexa II)
Strontium lactate,-10,Substanta INTERZISA in UE (Anexa II)
Strontium nitrate,-10,Substanta INTERZISA in UE (Anexa II)
Strontium polycarboxylate,-10,Substanta INTERZISA in UE (Anexa II)
Pramocaine (INN),-10,Substanta INTERZISA in UE (Anexa II)
4-Ethoxy-m-phenylenediamine and its salts,-10,Substanta INTERZISA in UE (Anexa II)
"2,4-Diaminophenylethanol and its salts",-10,Substanta INTERZISA in UE (Anexa II)
Pyrocatechol (Catechol),-10,Substanta INTERZISA in UE (Anexa II)
Pyrogallol,-10,Substanta INTERZISA in UE (Anexa II)
"Nitrosamines e.g. Dimethylnitrosoamine; Nitrosodipropylamine; 2,2'-(Nitrosoimino)bisethanol",-10,Substanta INTERZISA in UE (Anexa II)
Secondary alkyl- and alkanolamines and their salts,-10,Substanta INTERZISA in UE (Anexa II)
4-Amino-2-nitrophenol,-10,Substanta INTERZISA in UE (Anexa II)
"2-Methyl-m-phenylenediamine (Toluene-2,6-diamine)",-10,Substanta INTERZISA in UE (Anexa II)
"4-tert.-Butyl-3-methoxy-2,6-dinitrotoluene (Musk ambrette)",-10,Substanta INTERZISA in UE (Anexa II)
Moved or deleted,-10,Substanta INTERZISA in UE (Anexa II)
"Cells, tissues or products of human origin",-10,Substanta INTERZISA in UE (Anexa II)
"3,3-Bis(4-hydroxyphenyl)phthalide (Phenolphthalein (INN))",-10,Substanta INTERZISA in UE (Anexa II)
3-Imidazol-4-ylacrylic acid (Urocanic acid) and its ethyl ester,-10,Substanta INTERZISA in UE (Anexa II)
"Category 1 material and Category 2 material as defined in Articles 4 and 5 respectively of Regulation (EC) No 1774/2002 of the European Parliament and of the Council (3), and ingredients derived therefrom",-10,Substanta INTERZISA in UE (Anexa II)
Crude and refined coal tars,-10,Substanta INTERZISA in UE (Anexa II)
"1,1,3,3,5-Pentamethyl-4,6-dinitroindane (Moskene)",-10,Substanta INTERZISA in UE (Anexa II)
"5-tert.-Butyl-1,2,3-trimethyl-4,6-dinitrobenzene (Musk Tibetene)",-10,Substanta INTERZISA in UE (Anexa II)
"Alanroot oil (Inula helenium L.) (CAS No 97676-35-2), when used as a fragrance ingredient",-10,Substanta INTERZISA in UE (Anexa II)
"Benzyl cyanide, when used as a fragrance ingredient",-10,Substanta INTERZISA in UE (Anexa II)
"Cyclamen alcohol, when used as a fragrance ingredient",-10,Substanta INTERZISA in UE (Anexa II)
"Diethyl maleate, when used as a fragrance ingredient",-10,Substanta INTERZISA in UE (Anexa II)
"3,4-Dihydrocoumarin, when used as a fragrance ingredient",-10,Substanta INTERZISA in UE (Anexa II)
"2,4-Dihydroxy-3-methylbenzaldehyde, when used as a fragrance ingredient",-10,Substanta INTERZISA in UE (Anexa II)
"3,7-Dimethyl-2-octen-1-ol (6,7-Dihydrogeraniol), when used as a fragrance ingredient",-10,Substanta INTERZISA in UE (Anexa II)
"4,6-Dimethyl-8-tert-butylcoumarin, when used as a fragrance ingredient",-10,Substanta INTERZISA in UE (Anexa II)
"Dimethyl citraconate, when used as a fragrance ingredient",-10,Substanta INTERZISA in UE (Anexa II)
"7,11-Dimethyl-4,6,10-dodecatrien-3-one (Pseudomethylionone), when used as a fragrance ingredient",-10,Substanta INTERZISA in UE (Anexa II)
"6,10-Dimethyl-3,5,9-undecatrien-2-one (Pseudoionone), when used as a fragrance ingredient",-10,Substanta INTERZISA in UE (Anexa II)
"Diphenylamine, when used as a fragrance ingredient",-10,Substanta INTERZISA in UE (Anexa II)
"Ethyl acrylate, when used as a fragrance ingredient",-10,Substanta INTERZISA in UE (Anexa II)
"Fig leaf absolute (Ficus carica L.), when used as a fragrance ingredient",-10,Substanta INTERZISA in UE (Anexa II)
"trans-2-Heptenal, when used as a fragrance ingredient",-10,Substanta INTERZISA in UE (Anexa II)
"trans-2-Hexenal diethyl acetal, when used as a fragrance ingredient",-10,Substanta INTERZISA in UE (Anexa II)
"trans-2-Hexenal dimethyl acetal, when used as a fragrance ingredient",-10,Substanta INTERZISA in UE (Anexa II)
"Hydroabietyl alcohol, when used as a fragrance ingredient",-10,Substanta INTERZISA in UE (Anexa II)
"6-Isopropyl-2-decahydronaphthalenol, when used as a fragrance ingredient",-10,Substanta INTERZISA in UE (Anexa II)
"7-Methoxycoumarin, when used as a fragrance ingredient",-10,Substanta INTERZISA in UE (Anexa II)
"4-(4-Methoxyphenyl)-3-butene-2-one (Anisylidene acetone), when used as a fragrance ingredient",-10,Substanta INTERZISA in UE (Anexa II)
"1-(4-Methoxyphenyl)-1-pentene-3-one (alpha-Methylanisylideneacetone), when used as a fragrance ingredient",-10,Substanta INTERZISA in UE (Anexa II)
"Methyl trans-2-butenoate, when used as a fragrance ingredient",-10,Substanta INTERZISA in UE (Anexa II)
"7-Methylcoumarin, when used as a fragrance ingredient",-10,Substanta INTERZISA in UE (Anexa II)
"5-Methyl-2,3-hexanedione (Acetyl isovaleryl), when used as a fragrance ingredient",-10,Substanta INTERZISA in UE (Anexa II)
"2-Pentylidenecyclohexanone, when used as a fragrance ingredient",-10,Substanta INTERZISA in UE (Anexa II)
"3,6,10-Trimethyl-3,5,9-undecatrien-2-one (Pseudo-Isomethyl ionone), when used as a fragrance ingredient",-10,Substanta INTERZISA in UE (Anexa II)
Verbena essential oils (Lippia citriodora Kunth.) and derivatives other than absolute when used as a fragrance ingredient,-10,Substanta INTERZISA in UE (Anexa II)
"6-(2-Chloroethyl)-6-(2-methoxyethoxy)-2,5,7,10-tetraoxa-6-silaundecane",-10,Substanta INTERZISA in UE (Anexa II)
Cobalt dichloride,-10,Substanta INTERZISA in UE (Anexa II)
Cobalt sulphate,-10,Substanta INTERZISA in UE (Anexa II)
Nickel monoxide [1]; nickel oxide [2]; bunsenite [3],-10,Substanta INTERZISA in UE (Anexa II)
Dinickel trioxide,-10,Substanta INTERZISA in UE (Anexa II)
Nickel dioxide,-10,Substanta INTERZISA in UE (Anexa II)
Trinickel disulfide; nickel subsulfied [1]; heazlewoodite [2],-10,Substanta INTERZISA in UE (Anexa II)
Tetracarbonylnickel,-10,Substanta INTERZISA in UE (Anexa II)
Nickel (II) sulfide [1]; nickel sulfide [2]; millerite[3],-10,Substanta INTERZISA in UE (Anexa II)
Potassium bromate,-10,Substanta INTERZISA in UE (Anexa II)
Carbon monoxide,-10,Substanta INTERZISA in UE (Anexa II)
"Buta-1,3-diene, see also entries 464-611",-10,Substanta INTERZISA in UE (Anexa II)
"Isobutane, if it contains = >0,1% w/w Butadiene",-10,Substanta INTERZISA in UE (Anexa II)
"Butane, if it contains = >0,1 % w/w Butadiene",-10,Substanta INTERZISA in UE (Anexa II)
"Gases (petroleum), C3-4, if they contain > 0.1% w/w Butadiene",-10,Substanta INTERZISA in UE (Anexa II)
"Tail gas (petroleum), catalytic cracked distillate and catalytic cracked naphtha fractionation absorber, if it contain > 0.1% w/w Butadiene",-10,Substanta INTERZISA in UE (Anexa II)
"Tail gas (petroleum), catalytic polymn. naphtha fractionation stabilizer, if it contains
> 0.1 % w/w Butadiene",-10,Substanta INTERZISA in UE (Anexa II)
"Tail gas (petroleum), catalytic reformed naphtha fractionation stabilizer, hydrogen sulfide-free, if it contains > 0.1% w/w Butadiene",-10,Substanta INTERZISA in UE (Anexa II)
"Tail gas (petroleum), cracked distillate hydrotreater stripper, if it contains > 0.1% w/w Butadiene",-10,Substanta INTERZISA in UE (Anexa II)
"Tail gas (petroleum), gas oil catalytic cracking absorber, if it contains > 0.1 % w/w Butadiene",-10,Substanta INTERZISA in UE (Anexa II)
"Tail gas (petroleum), gas recovery plant, if it contains > 0.1 % w/w Butadiene",-10,Substanta INTERZISA in UE (Anexa II)
"Tail gas (petroleum), gas recovery plant deethanizer, if it contains > 0.1% w/w Butadiene",-10,Substanta INTERZISA in UE (Anexa II)
"Tail gas (petroleum), hydrodesulfurised distillate and hydrodesulfurized naphtha fractionator, acid-free, if it contains > 0.1% w/w Butadiene",-10,Substanta INTERZISA in UE (Anexa II)
"Tail gas (petroleum), hydrodesulfurized vacuum gas oil stripper, hydrogen sulfide-free, if it contains > 0.1% w/w Butadiene",-10,Substanta INTERZISA in UE (Anexa II)
"Tail gas (petroleum), isomerized naphtha fractionation stabilizer, if it contains > 0,1% w/w Butadiene",-10,Substanta INTERZISA in UE (Anexa II)
"Tail gas (petroleum), light straight-run naphtha stabilizer, hydrogen sulfide-free, if it contains > 0.1% w/w Butadiene",-10,Substanta INTERZISA in UE (Anexa II)
"Tail gas (petroleum), straight-run distillate hydrodesulfurized, hydrogen sulfide-free, if it contains > 0.1% w/w Butadiene",-10,Substanta INTERZISA in UE (Anexa II)
"Tail gas (petroleum), propane-propylene alkylation feed prep deethanizer, if it contains > 0.1 % w/w Butadiene",-10,Substanta INTERZISA in UE (Anexa II)
"Tail gas (petroleum), vacuum gas oil hydrodesulfurized, hydrogen sulfide-free, if it contains > 0.1 % w/w Butadiene",-10,Substanta INTERZISA in UE (Anexa II)
"Gases (petroleum), catalytic cracked overheads, if they contain > 0.1% w/w Butadiene",-10,Substanta INTERZISA in UE (Anexa II)
"Alkanes, C1-2, if they contain > 0.1% w/w Butadiene",-10,Substanta INTERZISA in UE (Anexa II)
"Alkanes, C2-3, if they contain > 0.1% w/w Butadiene",-10,Substanta INTERZISA in UE (Anexa II)
"Alkanes, C3-4, if they contain > 0.1% w/w Butadiene",-10,Substanta INTERZISA in UE (Anexa II)
"Alkanes, C4-5, if they contain > 0.1% w/w Butadiene",-10,Substanta INTERZISA in UE (Anexa II)
"Fuel-gases, if they contain > 0.1% w/w Butadiene",-10,Substanta INTERZISA in UE (Anexa II)
"Fuel gases, crude oil distillates, if they contain > 0.1 % w/w Butadiene",-10,Substanta INTERZISA in UE (Anexa II)
"Hydrocarbons, C3-4, if they contain > 0.1% w/w Butadiene",-10,Substanta INTERZISA in UE (Anexa II)
"Hydrocarbons, C4-5, if they contain > 0.1% w/w Butadiene",-10,Substanta INTERZISA in UE (Anexa II)
"Hydrocarbons, C2-4, C3-rich, if they contain > 0.1% w/w Butadiene",-10,Substanta INTERZISA in UE (Anexa II)
"Petroleum gases, liquefied, if they contain > 0.1% w/w Butadiene",-10,Substanta INTERZISA in UE (Anexa II)
"Petroleum gases, liquefied, sweetened, if they contain > 0.1% w/w Butadiene",-10,Substanta INTERZISA in UE (Anexa II)
"Gases (petroleum), C3-4, isobutane-rich, if they contain > 0.1% w/w Butadiene",-10,Substanta INTERZISA in UE (Anexa II)
"Distillates (petroleum), C3-6, piperylene-rich , if they contain > 0.1% w/w Butadiene",-10,Substanta INTERZISA in UE (Anexa II)
"Gases (petroleum), amine system feed, if they contain > 0.1 % w/w Butadiene",-10,Substanta INTERZISA in UE (Anexa II)
"Gases (petroleum), benzene unit hydrodesulfurizer off, if they contain > 0.1% w/w Butadiene",-10,Substanta INTERZISA in UE (Anexa II)
"Gases (petroleum), benzene unit recycle, hydrogen-rich, if they contain > 0.1% w/w Butadiene",-10,Substanta INTERZISA in UE (Anexa II)
"Gases (petroleum), blend oil, hydrogen-nitrogen-rich, if they contain > 0.1% w/w Butadiene",-10,Substanta INTERZISA in UE (Anexa II)
"Gases (petroleum), butane splitter overheads, if they contain > 0.1 % w/w Butadiene",-10,Substanta INTERZISA in UE (Anexa II)
"Gases (petroleum), C2-3, if they contain > 0.1% w/w Butadiene",-10,Substanta INTERZISA in UE (Anexa II)
"Gases (petroleum), catalytic-cracked gas oil depropaniser bottoms, C4-rich acid-free, if they contain > 0.1% w/w Butadiene",-10,Substanta INTERZISA in UE (Anexa II)
"Gases (petroleum), catalytic-cracked naphtha debutaniser bottoms, C3-5-rich, if they contain > 0.1% w/w Butadiene",-10,Substanta INTERZISA in UE (Anexa II)
"Gases (petroleum), catalytic cracked naphtha depropanizer overhead, C3-rich acid-free, if they contain > 0.1% w/w Butadiene",-10,Substanta INTERZISA in UE (Anexa II)
"Gases (petroleum), catalytic cracker, if they contain > 0.1% w/w Butadiene",-10,Substanta INTERZISA in UE (Anexa II)
"Gases (petroleum), catalytic cracker, C1-5-rich, if they contain > 0.1% w/w Butadiene",-10,Substanta INTERZISA in UE (Anexa II)
"Gases (petroleum), catalytic polymd. naphtha stabilizer overhead, C2-4-rich, if they contain > 0.1% w/w Butadiene",-10,Substanta INTERZISA in UE (Anexa II)
"Gases (petroleum), catalytic reformed naphtha stripper overhead, if they contain > 0.1% w/w Butadiene",-10,Substanta INTERZISA in UE (Anexa II)
"Gases (petroleum), catalytic reformer, C1-4-rich, if they contain > 0.1% w/w Butadiene",-10,Substanta INTERZISA in UE (Anexa II)
"Gases (petroleum), C6-8 catalytic reformer recycle, if they contain > 0.1% w/w Butadiene",-10,Substanta INTERZISA in UE (Anexa II)
"Gases (petroleum), C6-8 catalytic reformer, if they contain > 0.1 % w/w Butadiene",-10,Substanta INTERZISA in UE (Anexa II)
"Gases (petroleum), C6-8 catalytic reformer recycle, hydrogen-rich, if they contain > 0.1% w/w Butadiene",-10,Substanta INTERZISA in UE (Anexa II)
"Gases (petroleum), C3-5 olefinic-paraffinic alkylation feed, if they contain > 0.1% w/w Butadiene",-10,Substanta INTERZISA in UE (Anexa II)
"Gases (petroleum), C2-return stream, if they contain > 0.1% w/w Butadiene",-10,Substanta INTERZISA in UE (Anexa II)
"Gases (petroleum), C4-rich, if they contain > 0.1% w/w Butadiene",-10,Substanta INTERZISA in UE (Anexa II)
"Gases (petroleum), deethanizer overheads, if they contain > 0.1% w/w Butadiene",-10,Substanta INTERZISA in UE (Anexa II)
"Gases (petroleum), deisobutanizer tower overheads, if they contain > 0.1% w/w Butadiene",-10,Substanta INTERZISA in UE (Anexa II)
"Gases (petroleum), depropanizer dry, propene-rich, if they contain > 0.1% w/w Butadiene",-10,Substanta INTERZISA in UE (Anexa II)
"Gases (petroleum), depropanizer overheads, if they contain > 0.1 % w/w Butadiene",-10,Substanta INTERZISA in UE (Anexa II)
"Gases (petroleum), dry sour, gas-concn. -unit-off, if they contain > 0.1 % w/w Butadiene",-10,Substanta INTERZISA in UE (Anexa II)
"Gases (petroleum), gas concn. reabsorber distn., if they contain > 0.1% w/w Butadiene",-10,Substanta INTERZISA in UE (Anexa II)
"Gases (petroleum), gas recovery plant depropanizer overheads, if they contain > 0.1% w/w Butadiene",-10,Substanta INTERZISA in UE (Anexa II)
"Gases (petroleum), Girbatol unit feed, if they contain > 0.1% w/w Butadiene",-10,Substanta INTERZISA in UE (Anexa II)
"Gases (petroleum), hydrogen absorber off, if they contain > 0,1% w/w Butadiene",-10,Substanta INTERZISA in UE (Anexa II)
"Gases (petroleum), hydrogen-rich, if they contain > 0.1% w/w Butadiene",-10,Substanta INTERZISA in UE (Anexa II)
"Gases (petroleum), hydrotreater blend oil recycle, hydrogen-nitrogen-rich, if they contain > 0.1 % w/w Butadiene",-10,Substanta INTERZISA in UE (Anexa II)
"Gases (petroleum), isomerized naphtha fractionator, C4-rich, hydrogen sulfide-free, if they contain > 0.1% w/w Butadiene",-10,Substanta INTERZISA in UE (Anexa II)
"Gases (petroleum), recycle, hydrogen-rich, if they contain > 0.1% w/w Butadiene",-10,Substanta INTERZISA in UE (Anexa II)
"Gases (petroleum), reformer make-up, hydrogen-rich, if they contain > 0.1% w/w Butadiene",-10,Substanta INTERZISA in UE (Anexa II)
"Gases (petroleum), reforming hydrotreater, if they contain > 0.1% w/w Butadiene",-10,Substanta INTERZISA in UE (Anexa II)
"Gases (petroleum), reforming hydrotreater, hydrogen-methane-rich, if they contain > 0.1 % w/w Butadiene",-10,Substanta INTERZISA in UE (Anexa II)
"Gases (petroleum), reforming hydrotreater make-up, hydrogen-rich, if they contain > 0.1 % w/w Butadiene",-10,Substanta INTERZISA in UE (Anexa II)
"Gases (petroleum), thermal cracking distn., if they contain > 0.1% w/w Butadiene",-10,Substanta INTERZISA in UE (Anexa II)
"Tail gas (petroleum), catalytic cracked clarified oil and thermal cracked vacuum residue fractionation reflux drum, if it contains > 0.1% w/w Butadiene",-10,Substanta INTERZISA in UE (Anexa II)
"Tail gas (petroleum), catalytic cracked naphtha stabilization absorber, if it contains > 0.1 % w/w Butadiene",-10,Substanta INTERZISA in UE (Anexa II)
"Tail gas (petroleum), catalytic cracker, catalytic reformer and hydrodesulfurized combined fractionater, if it contains > 0.1% w/w Butadiene",-10,Substanta INTERZISA in UE (Anexa II)
"Tail gas (petroleum), catalytic cracker refractionation absorber, if it contains > 0.1% w/w Butadiene",-10,Substanta INTERZISA in UE (Anexa II)
"Tail gas (petroleum), catalytic reformed naphtha fractionation stabilizer, if it contains > 0.1 % w/w Butadiene",-10,Substanta INTERZISA in UE (Anexa II)
"Tail gas (petroleum), catalytic reformed naphtha separator, if it contains > 0.1% w/w Butadiene",-10,Substanta INTERZISA in UE (Anexa II)
"Tail gas (petroleum), catalytic reformed naphtha stabilizer, if it contains > 0.1% w/w Butadiene",-10,Substanta INTERZISA in UE (Anexa II)
"Tail gas (petroleum), cracked distillate hydrotreater separator, if it contains > 0.1% w/w Butadiene",-10,Substanta INTERZISA in UE (Anexa II)
"Tail gas (petroleum), hydrodesulfurized straight-run naphtha separator, if it contains > 0.1 % w/w Butadiene",-10,Substanta INTERZISA in UE (Anexa II)
"Tail gas (petroleum), saturate gas plant mixed stream, C4-rich, if it contains > 0.1% w/w Butadiene",-10,Substanta INTERZISA in UE (Anexa II)
"Tail gas (petroleum), saturate gas recovery plant, C1-2-rich, if it contains > 0.1% w/w Butadiene",-10,Substanta INTERZISA in UE (Anexa II)
"Tail gas (petroleum), vacuum residues thermal cracker, if it contains > 0.1 % w/w Butadiene",-10,Substanta INTERZISA in UE (Anexa II)
"Hydrocarbons, C3-4-rich, petroleum distillate, if they contain > 0.1% w/w Butadiene",-10,Substanta INTERZISA in UE (Anexa II)
"Gases (petroleum), catalytic reformed straight-run naphtha stabilizer overheads, if they contain > 0.1% w/w Butadiene",-10,Substanta INTERZISA in UE (Anexa II)
"Gases (petroleum), full-range straight-run naphtha dehexanizer off, if they contain > 0.1 % w/w Butadiene",-10,Substanta INTERZISA in UE (Anexa II)
"Gases (petroleum), hydrocracking depropanizer off, hydrocarbon-rich, if they contain > 0.1 % w/w Butadiene",-10,Substanta INTERZISA in UE (Anexa II)
"Gases (petroleum), light straight-run naphtha stabilizer off, if they contain > 0.1% w/w Butadiene",-10,Substanta INTERZISA in UE (Anexa II)
"Gases (petroleum), reformer effluent high-pressure flash drum off, if they contain > 0.1% w/w Butadiene",-10,Substanta INTERZISA in UE (Anexa II)
"Gases (petroleum), reformer effluent low-pressure flash drum off, if they contain > 0.1% w/w Butadiene",-10,Substanta INTERZISA in UE (Anexa II)
"Residues (petroleum), alkylation splitter, C4-rich, if they contain > 0.1 % w/w Butadiene",-10,Substanta INTERZISA in UE (Anexa II)
"Hydrocarbons, C1-4, if they contain > 0.1% w/w Butadiene",-10,Substanta INTERZISA in UE (Anexa II)
"Hydrocarbons, C1-4, sweetened, if they contain > 0.1% w/w Butadiene",-10,Substanta INTERZISA in UE (Anexa II)
"Gases (petroleum), oil refinery gas distn., if they contain > 0.1% w/w Butadiene",-10,Substanta INTERZISA in UE (Anexa II)
"Hydrocarbons, C1-3, if they contain > 0.1% w/w Butadiene",-10,Substanta INTERZISA in UE (Anexa II)
"Hydrocarbons, C1-4, debutanizer fraction, if they contain > 0.1% w/w Butadiene",-10,Substanta INTERZISA in UE (Anexa II)
"Gases (petroleum), benzene unit hydrotreater depentanizer overheads, if they contain > 0.1 % w/w Butadiene",-10,Substanta INTERZISA in UE (Anexa II)
"Gases (petroleum), C1-5, wet, if they contain > 0.1% w/w Butadiene",-10,Substanta INTERZISA in UE (Anexa II)
"Gases (petroleum), secondary absorber off, fluidized catalytic cracker overheads, if they contain > 0.1% w/w Butadiene",-10,Substanta INTERZISA in UE (Anexa II)
"Hydrocarbons, C2-4, if they contain > 0.1% w/w Butadiene",-10,Substanta INTERZISA in UE (Anexa II)
"Hydrocarbons, C3, if they contain > 0.1% w/w Butadiene",-10,Substanta INTERZISA in UE (Anexa II)
"Gases (petroleum), alkylation feed, if they contain > 0.1% w/w Butadiene",-10,Substanta INTERZISA in UE (Anexa II)
"Gases (petroleum), depropanizer bottoms fractionation off, if they contain > 0.1% w/w Butadiene",-10,Substanta INTERZISA in UE (Anexa II)
"Petroleum products, refinery gases, if they contain > 0.1% w/w Butadiene",-10,Substanta INTERZISA in UE (Anexa II)
"Gases (petroleum), hydrocracking low-pressure separator, if they contain > 0.1 % w/w Butadiene",-10,Substanta INTERZISA in UE (Anexa II)
"Gases (petroleum), refinery blend, if they contain > 0.1% w/w Butadiene",-10,Substanta INTERZISA in UE (Anexa II)
"Gases (petroleum), catalytic cracking, if they contain > 0.1% w/w Butadiene",-10,Substanta INTERZISA in UE (Anexa II)
"Gases (petroleum), C2-4, sweetened, if they contain > 0.1 % w/w Butadiene",-10,Substanta INTERZISA in UE (Anexa II)
"Gases (petroleum), refinery, if they contain > 0.1 % w/w Butadiene",-10,Substanta INTERZISA in UE (Anexa II)
"Gases (petroleum), platformer products separator off, if they contain > 0.1% w/w Butadiene",-10,Substanta INTERZISA in UE (Anexa II)
"Gases (petroleum), hydrotreated sour kerosine depentanizer stabilizer off, if they contain > 0.1 % w/w Butadiene",-10,Substanta INTERZISA in UE (Anexa II)
"Gases (petroleum), hydrotreated sour kerosine flash drum, if they contain > 0.1 % w/w Butadiene",-10,Substanta INTERZISA in UE (Anexa II)
"Gases (petroleum), crude oil fractionation off, if they contain > 0.1% w/w Butadiene",-10,Substanta INTERZISA in UE (Anexa II)
"Gases (petroleum), dehexanizer off, if they contain > 0.1 % w/w Butadiene",-10,Substanta INTERZISA in UE (Anexa II)
"Gases (petroleum), distillate unifiner desulfurization tripper off, if they contain > 0.1% w/w Butadiene",-10,Substanta INTERZISA in UE (Anexa II)
"Gases (petroleum), fluidized catalytic cracker fractionation off, if they contain > 0.1% w/w Butadiene",-10,Substanta INTERZISA in UE (Anexa II)
"Gases (petroleum), fluidized catalytic cracker scrubbing secondary absorber off, if they contain > 0.1% w/w Butadiene",-10,Substanta INTERZISA in UE (Anexa II)
"Gases (petroleum), heavy distillate hydrotreater desulfurization stripper off, if they contain > 0.1% w/w Butadiene",-10,Substanta INTERZISA in UE (Anexa II)
"Gases (petroleum), light straight run gasoline fractionation stabilizer off, if they contain > 0.1 % w/w Butadiene",-10,Substanta INTERZISA in UE (Anexa II)
"Gases (petroleum), naphtha unifiner desulfurization stripper off, if they contain > 0.1% w/w Butadiene",-10,Substanta INTERZISA in UE (Anexa II)
"Gases (petroleum), platformer stabilizer off, light ends fractionation, if they contain > 0.1 % w/w Butadiene",-10,Substanta INTERZISA in UE (Anexa II)
"Gases (petroleum), preflash tower off, crude distn., if they contain > 0.1% w/w Butadiene",-10,Substanta INTERZISA in UE (Anexa II)
"Gases (petroleum), straight-run naphtha catalytic reforming off, if they contain > 0.1% w/w Butadiene",-10,Substanta INTERZISA in UE (Anexa II)
"Gases (petroleum), straight-run stabilizer off, if they contain > 0.1 % w/w Butadiene",-10,Substanta INTERZISA in UE (Anexa II)
"Gases (petroleum), tar stripper off, if they contain > 0.1% w/w Butadiene",-10,Substanta INTERZISA in UE (Anexa II)
"Gases (petroleum), unifiner stripper off, if they contain > 0.1% w/w Butadiene",-10,Substanta INTERZISA in UE (Anexa II)
"Gases (petroleum), fluidized catalytic cracker splitter overheads, if they contain > 0.1% w/w Butadiene",-10,Substanta INTERZISA in UE (Anexa II)
"Gases (petroleum), catalytic cracked naphtha debutanizer, if they contain > 0.1 % w/w Butadiene",-10,Substanta INTERZISA in UE (Anexa II)
"Tail gas (petroleum), catalytic cracked distillate and naphtha stabilizer, if it contains > 0.1 % w/w Butadiene",-10,Substanta INTERZISA in UE (Anexa II)
"Tail gas (petroleum), catalytic hydrodesulfurized naphtha separator, if it contains > 0.1% w/w Butadiene",-10,Substanta INTERZISA in UE (Anexa II)
"Tail gas (petroleum), straight-run naphtha hydrodesulfurized, if it contains > 0.1% w/w Butadiene",-10,Substanta INTERZISA in UE (Anexa II)
"Tail gas (petroleum), thermal-cracked distillate, gas oil and naphtha absorber, if it contains > 0.1% w/w Butadiene",-10,Substanta INTERZISA in UE (Anexa II)
"Tail gas (petroleum), thermal cracked hydrocarbon fractionation stabilizer, petroleum coking, if it contains > 0.1% w/w Butadiene",-10,Substanta INTERZISA in UE (Anexa II)
"Gases (petroleum), light steam-cracked, butadiene conc., if they contain > 0.1% w/w Butadiene",-10,Substanta INTERZISA in UE (Anexa II)
"Gases (petroleum), sponge absorber off, fluidized catalytic cracker and gas oil desulfurizer overhead fractionation, if they contain > 0.1% w/w Butadiene",-10,Substanta INTERZISA in UE (Anexa II)
"Gases (petroleum), straight-run naphtha catalytic reformer stabilizer overhead, if they contain > 0.1% w/w Butadiene",-10,Substanta INTERZISA in UE (Anexa II)
"Gases (petroleum), crude distn. and catalytic cracking, if they contain > 0.1 % w/w Butadiene",-10,Substanta INTERZISA in UE (Anexa II)
"Hydrocarbons, C4, if they contain > 0.1% w/w Butadiene",-10,Substanta INTERZISA in UE (Anexa II)
"Alkanes, C1-4, C3-rich, if they contain > 0.1% w/w Butadiene",-10,Substanta INTERZISA in UE (Anexa II)
"Gases (petroleum), gas oil diethanolamine scrubber off, if they contain > 0.1% w/w Butadiene",-10,Substanta INTERZISA in UE (Anexa II)
"Gases (petroleum), gas oil hydrodesulfurization effluent, if they contain > 0.1 % w/w Butadiene",-10,Substanta INTERZISA in UE (Anexa II)
"Gases (petroleum), gas oil hydrodesulfurization purge, if they contain > 0.1% w/w Butadiene",-10,Substanta INTERZISA in UE (Anexa II)
"Gases (petroleum), hydrogenator effluent flash drum off, if they contain > 0.1% w/w Butadiene",-10,Substanta INTERZISA in UE (Anexa II)
"Gases (petroleum), naphtha steam cracking high-pressure residual, if they contain > 0.1% w/w Butadiene",-10,Substanta INTERZISA in UE (Anexa II)
"Gases (petroleum), residue visbaking off, if they contain > 0.1% w/w Butadiene",-10,Substanta INTERZISA in UE (Anexa II)
"Gases (petroleum), steam-cracker C3-rich, if they contain > 0.1% w/w Butadiene",-10,Substanta INTERZISA in UE (Anexa II)
"Hydrocarbons, C4, steam-cracker distillate, if they contain > 0.1 % w/w Butadiene",-10,Substanta INTERZISA in UE (Anexa II)
"Petroleum gases, liquefied, sweetened, C4 fraction, if they contain > 0.1% w/w Butadiene",-10,Substanta INTERZISA in UE (Anexa II)
"Hydrocarbons, C4, 1,3-butadiene- and isobutene-free, if they contain > 0.1% w/w Butadiene",-10,Substanta INTERZISA in UE (Anexa II)
"Raffinates (petroleum), steam-cracked C4 fraction cuprous ammonium acetate extn., C3-5 and C3-5 unsatd., butadiene-free, if they contain > 0.1% w/w Butadiene",-10,Substanta INTERZISA in UE (Anexa II)
Benzo[def]chrysene; (benzo[a]pyrene),-10,Substanta INTERZISA in UE (Anexa II)
"Pitch, coal tar-petroleum, if it contains > 0.005 % w/w benzo[a]pyrene",-10,Substanta INTERZISA in UE (Anexa II)
"Distillates (coal-petroleum), condensed-ring arom., if they contain > 0.005 % w/w benzo[a]pyrene",-10,Substanta INTERZISA in UE (Anexa II)
Moved or deleted,-10,Substanta INTERZISA in UE (Anexa II)
Moved or deleted,-10,Substanta INTERZISA in UE (Anexa II)
"Creosote oil, acenaphthene fraction, acenaphthene-free, if it contains > 0.005 % w/w benzo[a]pyrene",-10,Substanta INTERZISA in UE (Anexa II)
"Pitch, coal tar, low-temp., if it contains > 0.005 % w/w benzo[a]pyrene",-10,Substanta INTERZISA in UE (Anexa II)
"Pitch, coal tar, low-temp., heat-treated, if it contains > 0.005 % w/w benzo[a]pyrene",-10,Substanta INTERZISA in UE (Anexa II)
"Pitch, coal tar, low-temp., oxidized, if it contains > 0.005 % w/w benzo[a]pyrene",-10,Substanta INTERZISA in UE (Anexa II)
"Extract residues (coal), brown, if they contain > 0.005 % w/w benzo[a]pyrene",-10,Substanta INTERZISA in UE (Anexa II)
"Paraffin waxes (coal), brown-coal high-temp. tar, if they contain > 0.005 % w/w benzo[a]pyrene",-10,Substanta INTERZISA in UE (Anexa II)
"Paraffin waxes (coal), brown-coal high-temp. tar, hydrotreated, if they contain > 0.005 % w/w benzo[a]pyrene",-10,Substanta INTERZISA in UE (Anexa II)
"Waste solids, coal-tar pitch coking, if they contain > 0.005 % w/w benzo[a]pyrene",-10,Substanta INTERZISA in UE (Anexa II)
"Pitch, coal tar, high-temp., secondary, if it contains > 0.005 % w/w benzo[a]pyrene",-10,Substanta INTERZISA in UE (Anexa II)
"Residues (coal), liq. solvent extn., if they contain > 0.005 % w/w benzo[a]pyrene",-10,Substanta INTERZISA in UE (Anexa II)
"Coal liquids, liq. solvent extn. soln., if they contain > 0,005 % w/w benzo[a]pyrene",-10,Substanta INTERZISA in UE (Anexa II)
"Coal liquids, liq. solvent extn., if they contain > 0.005 % w/w benzo[a]pyrene",-10,Substanta INTERZISA in UE (Anexa II)
"Paraffin waxes (coal), brown-coal high-temp. tar, carbon-treated, if they contain > 0.005 % w/w benzo[a]pyrene",-10,Substanta INTERZISA in UE (Anexa II)
"Paraffin waxes (coal), brown-coal high-temp tar, clay-treated, if they contain > 0.005 % w/w benzo[a]pyrene",-10,Substanta INTERZISA in UE (Anexa II)
"Paraffin waxes (coal), brown-coal high-temp tar, silicic acid-treated, if they contain > 0.005 % w/w benzo[a]pyrene",-10,Substanta INTERZISA in UE (Anexa II)
"Absorption oils, bicyclo arom. and heterocylic hydrocarbon fraction, if they contain > 0.005 % w/w benzo[a]pyrene",-10,Substanta INTERZISA in UE (Anexa II)
"Aromatic hydrocarbons, C20-28, polycyclic, mixed coal-tar pitch-polyethylene polypropylene pyrolysis-derived, if they contain > 0.005 % w/w benzo[a]pyrene",-10,Substanta INTERZISA in UE (Anexa II)
"Aromatic hydrocarbons, C20-28, polycyclic, mixed coal-tar pitch-polyethylene pyrolysis-derived, if they contain > 0.005 % w/w benzo[a]pyrene",-10,Substanta INTERZISA in UE (Anexa II)
"Aromatic hydrocarbons, C20-28, polycyclic, mixed coal-tar pitch-polystyrene pyrolysis-derived, if they contain > 0.005 % w/w benzo[a]pyrene",-10,Substanta INTERZISA in UE (Anexa II)
"Pitch, coal tar, high-temp., heat-treated, if it contains > 0.005% w/w benzo[a]pyrene",-10,Substanta INTERZISA in UE (Anexa II)
"Dibenz[a,h]anthracene",-10,Substanta INTERZISA in UE (Anexa II)
Benz[a]anthracene,-10,Substanta INTERZISA in UE (Anexa II)
Benzo[e]pyrene,-10,Substanta INTERZISA in UE (Anexa II)
Benzo[j]fluoranthene,-10,Substanta INTERZISA in UE (Anexa II)
Benz[e]acephenanthrylene,-10,Substanta INTERZISA in UE (Anexa II)
Benzo[k]fluoranthene,-10,Substanta INTERZISA in UE (Anexa II)
Chrysene,-10,Substanta INTERZISA in UE (Anexa II)
2-Bromopropane,-10,Substanta INTERZISA in UE (Anexa II)
Trichloroethylene,-10,Substanta INTERZISA in UE (Anexa II)
"1,2-Dibromo-3-chloropropane",-10,Substanta INTERZISA in UE (Anexa II)
"2,3-Dibromopropan-1-ol",-10,Substanta INTERZISA in UE (Anexa II)
"1,3-Dichloropropan-2-ol",-10,Substanta INTERZISA in UE (Anexa II)
"alpha,alpha,alpha-Trichlorotoluene",-10,Substanta INTERZISA in UE (Anexa II)
alpha-Chlorotoluene (Benzyl chloride),-10,Substanta INTERZISA in UE (Anexa II)
"1,2-Dibromoethane",-10,Substanta INTERZISA in UE (Anexa II)
Hexachlorobenzene,-10,Substanta INTERZISA in UE (Anexa II)
Bromoethylene (Vinyl bromide),-10,Substanta INTERZISA in UE (Anexa II)
"1,4-Dichlorobut-2-ene",-10,Substanta INTERZISA in UE (Anexa II)
Methyloxirane (Propylene oxide),-10,Substanta INTERZISA in UE (Anexa II)
(Epoxyethyl)benzene (Styrene oxide),-10,Substanta INTERZISA in UE (Anexa II)
"1-Chloro-2,3-epoxypropane (Epichlorohydrin)",-10,Substanta INTERZISA in UE (Anexa II)
"R-1-Chloro-2,3-epoxypropane",-10,Substanta INTERZISA in UE (Anexa II)
"1,2-Epoxy-3-phenoxypropane (Phenylglycidyl ether)",-10,Substanta INTERZISA in UE (Anexa II)
"2,3-Epoxypropan-1-ol (Glycidol)",-10,Substanta INTERZISA in UE (Anexa II)
"R-2,3-Epoxy-1-propanol",-10,Substanta INTERZISA in UE (Anexa II)
"2,2'-Bioxirane (1,2:3,4-Diepoxybutane)",-10,Substanta INTERZISA in UE (Anexa II)
"(2RS,3RS)-3-(2-Chlorophenyl)-2-(4-fluorophenyl)-[1H-1,2,4-triazol-1-yl)methyl]oxirane; Epoxiconazole",-10,Substanta INTERZISA in UE (Anexa II)
Chloromethyl methyl ether,-10,Substanta INTERZISA in UE (Anexa II)
2-Methoxyethanol [1] and its acetate (2-Methoxyethyl acetate) [2],-10,Substanta INTERZISA in UE (Anexa II)
2-Ethoxyethanol and its acetate (2-Ethoxyethyl acetate),-10,Substanta INTERZISA in UE (Anexa II)
Oxybis[chloromethane]; bis (Chloromethyl) ether,-10,Substanta INTERZISA in UE (Anexa II)
2-Methoxypropanol,-10,Substanta INTERZISA in UE (Anexa II)
Propiolactone,-10,Substanta INTERZISA in UE (Anexa II)
Dimethylcarbamoyl chloride,-10,Substanta INTERZISA in UE (Anexa II)
Urethane (Ethyl carbamate),-10,Substanta INTERZISA in UE (Anexa II)
Moved or deleted,-10,Substanta INTERZISA in UE (Anexa II)
Moved or deleted,-10,Substanta INTERZISA in UE (Anexa II)
Methoxyacetic acid,-10,Substanta INTERZISA in UE (Anexa II)
Dibutyl phthalate,-10,Substanta INTERZISA in UE (Anexa II)
bis(2-Methoxyethyl) ether (Dimethoxydiglycol),-10,Substanta INTERZISA in UE (Anexa II)
bis(2-Ethylhexyl) phthalate; (Diethylhexyl phthalate),-10,Substanta INTERZISA in UE (Anexa II)
bis(2-Methoxyethyl) phthalate,-10,Substanta INTERZISA in UE (Anexa II)
2-Methoxypropyl acetate,-10,Substanta INTERZISA in UE (Anexa II)
"2-Ethylhexyl[[[3,5-bis(1,1-dimethylethyl)-4-hydroxyphenyl]-methyl]thio]acetate",-10,Substanta INTERZISA in UE (Anexa II)
"Acrylamide, unless regulated elsewhere in this Regulation",-10,Substanta INTERZISA in UE (Anexa II)
Acrylonitrile,-10,Substanta INTERZISA in UE (Anexa II)
2-Nitropropane,-10,Substanta INTERZISA in UE (Anexa II)
"Dinoseb, its salts and esters with the exception of those specified elsewhere in this list",-10,Substanta INTERZISA in UE (Anexa II)
2-Nitroanisole,-10,Substanta INTERZISA in UE (Anexa II)
4-Nitrobiphenyl,-10,Substanta INTERZISA in UE (Anexa II)
"2,4-Dinitrotoluene [1]; Dinitrotoluene, technical grade [2]",-10,Substanta INTERZISA in UE (Anexa II)
Binapacryl,-10,Substanta INTERZISA in UE (Anexa II)
2-Nitronaphthalene,-10,Substanta INTERZISA in UE (Anexa II)
"2,3-Dinitrotoluene",-10,Substanta INTERZISA in UE (Anexa II)
5-Nitroacenaphthene,-10,Substanta INTERZISA in UE (Anexa II)
"2,6-Dinitrotoluene",-10,Substanta INTERZISA in UE (Anexa II)
"3,4-Dinitrotoluene",-10,Substanta INTERZISA in UE (Anexa II)
"3,5-Dinitrotoluene",-10,Substanta INTERZISA in UE (Anexa II)
"2,5-Dinitrotoluene",-10,Substanta INTERZISA in UE (Anexa II)
"Dinoterb, its salts and esters",-10,Substanta INTERZISA in UE (Anexa II)
Nitrofen,-10,Substanta INTERZISA in UE (Anexa II)
Diazomethane,-10,Substanta INTERZISA in UE (Anexa II)
"1,4,5,8-Tetraaminoanthraquinone (Disperse Blue 1)",-10,Substanta INTERZISA in UE (Anexa II)
1-Methyl-3-nitro-1-nitrosoguanidine,-10,Substanta INTERZISA in UE (Anexa II)
Moved or deleted,-10,Substanta INTERZISA in UE (Anexa II)
"4,4'-Methylenedianiline",-10,Substanta INTERZISA in UE (Anexa II)
"4,4'-(4-Iminocyclohexa-2,5-dienylidenemethylene) dianiline hydrochloride",-10,Substanta INTERZISA in UE (Anexa II)
"4,4'-Methylenedi-o-toluidine",-10,Substanta INTERZISA in UE (Anexa II)
o-Anisidine,-10,Substanta INTERZISA in UE (Anexa II)
"3,3'-Dimethoxybenzidine (ortho-Dianisidine) and its salts",-10,Substanta INTERZISA in UE (Anexa II)
Moved or deleted,-10,Substanta INTERZISA in UE (Anexa II)
o-Dianisidine based azo dyes,-10,Substanta INTERZISA in UE (Anexa II)
"3,3'-Dichlorobenzidine",-10,Substanta INTERZISA in UE (Anexa II)
Benzidine dihydrochloride,-10,Substanta INTERZISA in UE (Anexa II)
"[[1,1'-Biphenyl]-4,4'-diyl]diammonium sulphate",-10,Substanta INTERZISA in UE (Anexa II)
"3,3'-Dichlorobenzidine dihydrochloride",-10,Substanta INTERZISA in UE (Anexa II)
Benzidine sulphate,-10,Substanta INTERZISA in UE (Anexa II)
Benzidine acetate,-10,Substanta INTERZISA in UE (Anexa II)
"3,3'-Dichlorobenzidine dihydrogen bis(sulphate)",-10,Substanta INTERZISA in UE (Anexa II)
"3,3'-Dichlorobenzidine sulphate",-10,Substanta INTERZISA in UE (Anexa II)
Benzidine based azo dyes,-10,Substanta INTERZISA in UE (Anexa II)
"4,4'-Bi-o-toluidine (ortho-Tolidine)",-10,Substanta INTERZISA in UE (Anexa II)
"4,4'-Bi-o-toluidine dihydrochloride",-10,Substanta INTERZISA in UE (Anexa II)
"[3,3'-Dimethyl[1,1'-biphenyl]-4,4'-diyl]diammonium bis(hydrogen sulphate)",-10,Substanta INTERZISA in UE (Anexa II)
"4,4'-Bi-o-toluidine sulphate",-10,Substanta INTERZISA in UE (Anexa II)
o-Toluidine based dyes,-10,Substanta INTERZISA in UE (Anexa II)
Biphenyl-4-ylamine (4-Aminobiphenyl) and its salts,-10,Substanta INTERZISA in UE (Anexa II)
Azobenzene,-10,Substanta INTERZISA in UE (Anexa II)
(Methyl-ONN-azoxy)methyl acetate,-10,Substanta INTERZISA in UE (Anexa II)
Cycloheximide,-10,Substanta INTERZISA in UE (Anexa II)
2-Methylaziridine (propyleneimine),-10,Substanta INTERZISA in UE (Anexa II)
Imidazolidine-2-thione (Ethylene thiourea),-10,Substanta INTERZISA in UE (Anexa II)
Furan,-10,Substanta INTERZISA in UE (Anexa II)
Aziridine,-10,Substanta INTERZISA in UE (Anexa II)
Captafol,-10,Substanta INTERZISA in UE (Anexa II)
Carbadox,-10,Substanta INTERZISA in UE (Anexa II)
Flumioxazin,-10,Substanta INTERZISA in UE (Anexa II)
Tridemorph,-10,Substanta INTERZISA in UE (Anexa II)
Vinclozolin,-10,Substanta INTERZISA in UE (Anexa II)
Fluazifop-butyl,-10,Substanta INTERZISA in UE (Anexa II)
Flusilazole,-10,Substanta INTERZISA in UE (Anexa II)
"1,3,5-Tris(oxiranylmethyl)-1,3,5-triazine-2,4,6(1H,3H,5H)-trione (TGIC)",-10,Substanta INTERZISA in UE (Anexa II)
Thioacetamide,-10,Substanta INTERZISA in UE (Anexa II)
Formamide,-10,Substanta INTERZISA in UE (Anexa II)
N-Methylacetamide,-10,Substanta INTERZISA in UE (Anexa II)
N-Methylformamide,-10,Substanta INTERZISA in UE (Anexa II)
"N,N-Dimethylacetamide",-10,Substanta INTERZISA in UE (Anexa II)
Hexamethylphosphoric-triamide,-10,Substanta INTERZISA in UE (Anexa II)
Diethyl sulphate,-10,Substanta INTERZISA in UE (Anexa II)
Dimethyl sulphate,-10,Substanta INTERZISA in UE (Anexa II)
"1,3-Propanesultone",-10,Substanta INTERZISA in UE (Anexa II)
Dimethylsulphamoyl-chloride,-10,Substanta INTERZISA in UE (Anexa II)
Sulfallate,-10,Substanta INTERZISA in UE (Anexa II)
"A mixture of: 4-[[bis-(4-Fluorophenyl)methylsilyl]methyl]-4H-1,2,4-triazole and 1-[[bis-(4-fluorophenyl)methylsilyl]methyl]-1H-1,2,4-triazole",-10,Substanta INTERZISA in UE (Anexa II)
(+/-)-Tetrahydrofurfuryl -(R)-2-[4-(6-chloroquinoxalin-2-yloxy)phenyloxy]propionate (Quizalofop-P-tefuryl - ISO),-10,Substanta INTERZISA in UE (Anexa II)
"6-Hydroxy-1-(3-Isopropoxypropyl)-4-methyl-2-oxo-5-[4-(phenylazo)phenylazo]-1,2-dihydro-3-pyridinecarbonitrile",-10,Substanta INTERZISA in UE (Anexa II)
"(6-(4-Hydroxy-3-(2-methoxyphenylazo)-2-sulfonato-7-naphthylamino)-1,3,5-triazine-2,4-diyl)bis[(amino-1-methylethyl)ammonium] formate",-10,Substanta INTERZISA in UE (Anexa II)
"Trisodium [4'-(8-acetylamino-3,6-disulfonato-2-naphthylazo)-4''-(6-benzoylamino-3-sulfonato-2-naphthylazo)-biphenyl-1,3',3'',1'''-tetraolato-O,O',O'',O''']copper(II)",-10,Substanta INTERZISA in UE (Anexa II)
"A mixture of: N-[3-hydroxy-2-(2-methylacryloylaminomethoxy)propoxymethyl]-2-methylacrylamide and 
N-[2,3-bis-(2-methylacryloylaminomethoxy)propoxymethyl]-2-methylacrylamide and 
methacrylamide and 
2-methyl-N-(2-methylacryloylaminomethoxymethyl)-acrylamide and
N-(2,3-dihydroxypropoxymethyl)-2-methylacrylamide",-10,Substanta INTERZISA in UE (Anexa II)
"1,3,5-tris-[(2S and 2R)-2,3-Epoxypropyl]-1,3,5-triazine-2,4,6-(1H,3H,5H)-trione",-10,Substanta INTERZISA in UE (Anexa II)
Erionite,-10,Substanta INTERZISA in UE (Anexa II)
Crocidolite,-10,Substanta INTERZISA in UE (Anexa II)
Petroleum,-10,Substanta INTERZISA in UE (Anexa II)
"Distillates (petroleum), heavy hydrocracked, if they contain > 3 % w/w DMSO extract",-10,Substanta INTERZISA in UE (Anexa II)
"Distillates (petroleum), solvent-refined heavy paraffinic, if they contain > 3 % w/w DMSO extract",-10,Substanta INTERZISA in UE (Anexa II)
"Distillates (petroleum), solvent-refined light paraffinic, if they contain > 3% w/w DMSO extract",-10,Substanta INTERZISA in UE (Anexa II)
"Residual oils (petroleum), solvent deasphalted, if they contain > 3 % w/w DMSO extract",-10,Substanta INTERZISA in UE (Anexa II)
"Distillates (petroleum), solvent-refined heavy naphthenic, if they contain > 3 % w/w DMSO extract",-10,Substanta INTERZISA in UE (Anexa II)
"Distillates (petroleum), solvent-refined light naphthenic, if they contain > 3 % w/w DMSO extract",-10,Substanta INTERZISA in UE (Anexa II)
"Residual oils (petroleum), solvent-refined, if they contain > 3 % w/w DMSO extract",-10,Substanta INTERZISA in UE (Anexa II)
"Distillates (petroleum), clay-treated heavy paraffinic, if they contain > 3 % w/w DMSO extract",-10,Substanta INTERZISA in UE (Anexa II)
"Distillates (petroleum), clay-treated light paraffinic, if they contain > 3 % w/w DMSO extract",-10,Substanta INTERZISA in UE (Anexa II)
"Residual oils (petroleum), clay-treated, if they contain > 3 % w/w DMSO extract",-10,Substanta INTERZISA in UE (Anexa II)
"Distillates (petroleum), clay-treated heavy naphthenic, if they contain > 3 % w/w DMSO extract",-10,Substanta INTERZISA in UE (Anexa II)
"Distillates (petroleum), clay-treated light naphthenic, if they contain > 3 % w/w DMSO extract",-10,Substanta INTERZISA in UE (Anexa II)
"Distillates (petroleum), hydrotreated heavy naphthenic, if they contain > 3% w/w DMSO extract",-10,Substanta INTERZISA in UE (Anexa II)
"Distillates (petroleum), hydrotreated light naphthenic, if they contain > 3 % w/w DMSO extract",-10,Substanta INTERZISA in UE (Anexa II)
"Distillates (petroleum), hydrotreated heavy paraffinic, if they contain > 3 % w/w DMSO extract",-10,Substanta INTERZISA in UE (Anexa II)
"Distillates (petroleum), hydrotreated light paraffinic, if they contain > 3 % w/w DMSO extract",-10,Substanta INTERZISA in UE (Anexa II)
"Distillates (petroleum), solvent-dewaxed light paraffinic, if they contain > 3 % w/w DMSO extract",-10,Substanta INTERZISA in UE (Anexa II)
"Residual oils (petroleum), hydrotreated, if they contain > 3 % w/w DMSO extract",-10,Substanta INTERZISA in UE (Anexa II)
"Residual oils (petroleum), solvent-dewaxed, if they contain > 3 % w/w DMSO extract",-10,Substanta INTERZISA in UE (Anexa II)
"Distillates (petroleum), solvent-dewaxed heavy naphthenic, if they contain > 3 % w/w DMSO extract",-10,Substanta INTERZISA in UE (Anexa II)
"Distillates (petroleum), solvent-dewaxed light naphthenic, if they contain > 3 % w/w DMSO extract",-10,Substanta INTERZISA in UE (Anexa II)
"Distillates (petroleum), solvent-dewaxed heavy paraffinic, if they contain > 3 % w/w DMSO extract",-10,Substanta INTERZISA in UE (Anexa II)
"Foots oil (petroleum), if it contains > 3 % w/w DMSO extract",-10,Substanta INTERZISA in UE (Anexa II)
"Naphthenic oils (petroleum), catalytic dewaxed heavy, if they contain > 3 % w/w DMSO extract",-10,Substanta INTERZISA in UE (Anexa II)
"Naphthenic oils (petroleum), catalytic dewaxed light, if they contain > 3 % w/w DMSO extract",-10,Substanta INTERZISA in UE (Anexa II)
"Paraffin oils (petroleum), catalytic dewaxed heavy, if they contain > 3 % w/w DMSO extract",-10,Substanta INTERZISA in UE (Anexa II)
"Paraffin oils (petroleum), catalytic dewaxed light, if they contain > 3 % w/w DMSO extract",-10,Substanta INTERZISA in UE (Anexa II)
"Naphthenic oils (petroleum), complex dewaxed heavy, if they contain > 3 % w/w DMSO extract",-10,Substanta INTERZISA in UE (Anexa II)
"Naphthenic oils (petroleum), complex dewaxed light, if they contain > 3 % w/w DMSO extract",-10,Substanta INTERZISA in UE (Anexa II)
"Extracts (petroleum), heavy naphthenic distillate solvent, arom. conc., if they contain > 3 % w/w DMSO extract",-10,Substanta INTERZISA in UE (Anexa II)
"Extracts (petroleum), solvent-refined heavy paraffinic distillate solvent, if they contain > 3 % w/w DMSO extract",-10,Substanta INTERZISA in UE (Anexa II)
"Extracts (petroleum), heavy paraffinic distillates, solvent-deasphalted, if they contain > 3 % w/w DMSO extract",-10,Substanta INTERZISA in UE (Anexa II)
"Lubricating oils (petroleum), C20-50, hydrotreated neutral oil-based, high-viscosity, if they contain > 3 % w/w DMSO extract",-10,Substanta INTERZISA in UE (Anexa II)
"Lubricating oils (petroleum), C15-30, hydrotreated neutral oil-based, if they contain > 3 % w/w DMSO extract",-10,Substanta INTERZISA in UE (Anexa II)
"Lubricating oils (petroleum), C20-50, hydrotreated neutral oil-based, if they contain > 3 % w/w DMSO extract",-10,Substanta INTERZISA in UE (Anexa II)
"Lubricating oils, if they contain > 3 % w/w DMSO extract",-10,Substanta INTERZISA in UE (Anexa II)
"Distillates (petroleum), complex dewaxed heavy paraffinic, if they contain > 3 % w/w DMSO extract",-10,Substanta INTERZISA in UE (Anexa II)
"Distillates (petroleum), complex dewaxed light paraffinic, if they contain > 3 % w/w DMSO extract",-10,Substanta INTERZISA in UE (Anexa II)
"Distillates (petroleum), solvent dewaxed heavy paraffinic, clay-treated, if they contain > 3 % w/w DMSO extract",-10,Substanta INTERZISA in UE (Anexa II)
"Hydrocarbons, C20-50, solvent dewaxed heavy paraffinic, hydrotreated, if they contain > 3 % w/w DMSO extract",-10,Substanta INTERZISA in UE (Anexa II)
"Distillates (petroleum), solvent dewaxed light paraffinic, clay-treated, if they contain > 3 % w/w DMSO extract",-10,Substanta INTERZISA in UE (Anexa II)
"Distillates (petroleum), solvent dewaxed light paraffinic, hydrotreated, if they contain > 3 % w/w DMSO extract",-10,Substanta INTERZISA in UE (Anexa II)
"Extracts (petroleum), heavy naphthenic distillate solvent, hydrotreated, if they contain > 3 % w/w DMSO extract",-10,Substanta INTERZISA in UE (Anexa II)
"Extracts (petroleum), heavy paraffinic distillate solvent, hydrotreated, if they contain > 3 % w/w DMSO extract",-10,Substanta INTERZISA in UE (Anexa II)
"Extracts (petroleum), light paraffinic distillate solvent, hydrotreated, if they contain > 3 % w/w DMSO extract",-10,Substanta INTERZISA in UE (Anexa II)
"Residual oils (petroleum), hydrotreated solvent dewaxed, if they contain > 3 % w/w DMSO extract",-10,Substanta INTERZISA in UE (Anexa II)
"Residual oils (petroleum), catalytic dewaxed, if they contain > 3 % w/w DMSO extract",-10,Substanta INTERZISA in UE (Anexa II)
"Distillates (petroleum), dewaxed heavy paraffinic, hydrotreated, if they contain > 3 % w/w DMSO extract",-10,Substanta INTERZISA in UE (Anexa II)
"Distillates (petroleum), dewaxed light paraffinic, hydrotreated, if they contain > 3 % w/w DMSO extract",-10,Substanta INTERZISA in UE (Anexa II)
"Distillates (petroleum), hydrocracked solvent-refined, dewaxed, if they contain > 3 % w/w DMSO extract",-10,Substanta INTERZISA in UE (Anexa II)
"Distillates (petroleum), solvent-refined light naphthenic, hydrotreated, if they contain > 3 % w/w DMSO extract",-10,Substanta INTERZISA in UE (Anexa II)
"Extracts (petroleum), hydrotreated light paraffinic distillate solvent, if they contain > 3 % w/w DMSO extract",-10,Substanta INTERZISA in UE (Anexa II)
"Extracts (petroleum), light naphthenic distillate solvent, hydrodesulfurised, if they contain > 3 % w/w DMSO extract",-10,Substanta INTERZISA in UE (Anexa II)
"Extracts (petroleum), light paraffinic distillate solvent, acid-treated, if they contain > 3 % w/w DMSO extract",-10,Substanta INTERZISA in UE (Anexa II)
"Extracts (petroleum), light paraffinic distillate solvent, hydrodesulfurised, if they contain > 3 % w/w DMSO extract",-10,Substanta INTERZISA in UE (Anexa II)
"Extracts (petroleum), light vacuum gas oil solvent, hydrotreated, if they contain > 3 % w/w DMSO extract",-10,Substanta INTERZISA in UE (Anexa II)
"Foots oil (petroleum), hydrotreated, if it contains > 3 % w/w DMSO extract",-10,Substanta INTERZISA in UE (Anexa II)
"Lubricating oils (petroleum), C17-35, solvent-extd., dewaxed, hydrotreated, if they contain > 3 % w/w DMSO extract",-10,Substanta INTERZISA in UE (Anexa II)
"Lubricating oils (petroleum), hydrocracked nonarom solvent-deparaffined, if they contain > 3 % w/w DMSO extract",-10,Substanta INTERZISA in UE (Anexa II)
"Residual oils (petroleum), hydrocracked acid-treated solvent-dewaxed, if they contain > 3 % w/w DMSO extract",-10,Substanta INTERZISA in UE (Anexa II)
"Paraffin oils (petroleum), solvent-refined dewaxed heavy, if they contain > 3 % w/w DMSO extract",-10,Substanta INTERZISA in UE (Anexa II)
"Extracts (petroleum), heavy paraffinic distillate solvent, clay-treated, if they contain > 3 % w/w DMSO extract",-10,Substanta INTERZISA in UE (Anexa II)
"Lubricating oils (petroleum), base oils, paraffinic, if they contain > 3 % w/w DMSO extract",-10,Substanta INTERZISA in UE (Anexa II)
"Extracts (petroleum), heavy naphthenic distillate solvent, hydrodesulfurised, if they contain > 3 % w/w DMSO extract",-10,Substanta INTERZISA in UE (Anexa II)
"Extracts (petroleum), solvent-dewaxed heavy paraffinic distillate solvent, hydrodesulfurised, if they contain > 3 % w/w DMSO extract",-10,Substanta INTERZISA in UE (Anexa II)
"Hydrocarbons, hydrocracked paraffinic distn. residues, solvent-dewaxed, if they contain > 3 % w/w DMSO extract",-10,Substanta INTERZISA in UE (Anexa II)
"Foots oil (petroleum), acid-treated, if it contains > 3 % w/w DMSO extract",-10,Substanta INTERZISA in UE (Anexa II)
"Foots oil (petroleum), clay-treated, if it contains > 3 % w/w DMSO extract",-10,Substanta INTERZISA in UE (Anexa II)
"Hydrocarbons, C20-50, residual oil hydrogenation vacuum distillate, if they contain > 3 % w/w DMSO extract",-10,Substanta INTERZISA in UE (Anexa II)
"Distillates (petroleum), solvent-refined hydrotreated heavy, hydrogenated, if they contain > 3 % w/w DMSO extract",-10,Substanta INTERZISA in UE (Anexa II)
"Distillates (petroleum), solvent-refined hydrocracked light, if they contain > 3 % w/w DMSO extract",-10,Substanta INTERZISA in UE (Anexa II)
"Lubricating oils (petroleum), C18-40, solvent-dewaxed hydrocracked distillate-based, if they contain > 3 % w/w DMSO extract",-10,Substanta INTERZISA in UE (Anexa II)
"Lubricating oils (petroleum), C18-40, solvent-dewaxed hydrogenated raffinate-based, if they contain > 3 % w/w DMSO extract",-10,Substanta INTERZISA in UE (Anexa II)
"Hydrocarbons, C13-30, arom.-rich, solvent-extd. naphthenic distillate, if they contain > 3 % w/w DMSO extract",-10,Substanta INTERZISA in UE (Anexa II)
"Hydrocarbons, C16-32, arom. rich, solvent-extd. naphthenic distillate, if they contain > 3 % w/w DMSO extract",-10,Substanta INTERZISA in UE (Anexa II)
"Hydrocarbons, C37-68, dewaxed deasphalted hydrotreated vacuum distn. Residues, if they contain > 3 % w/w DMSO extract",-10,Substanta INTERZISA in UE (Anexa II)
"Hydrocarbons, C37-65, hydrotreated deasphalted vacuum distn. Residues, if they contain > 3 % w/w DMSO extract",-10,Substanta INTERZISA in UE (Anexa II)
"Distillates (petroleum), hydrocracked solvent-refined light, if they contain > 3 % w/w DMSO extract",-10,Substanta INTERZISA in UE (Anexa II)
"Distillates (petroleum), solvent-refined hydrogenated heavy, if they contain > 3 % w/w DMSO extract",-10,Substanta INTERZISA in UE (Anexa II)
"Lubricating oils (petroleum), C18-27, hydrocracked solvent-dewaxed, if they contain > 3 % w/w DMSO extract",-10,Substanta INTERZISA in UE (Anexa II)
"Hydrocarbons, C17-30, hydrotreated solvent-deasphalted atm. distn. residue, distn. lights, if they contain > 3 % w/w DMSO extract",-10,Substanta INTERZISA in UE (Anexa II)
"Hydrocarbons, C17-40, hydrotreated solvent-deasphalted distn. residue, vacuum distn. lights, if they contain > 3 % w/w DMSO extract",-10,Substanta INTERZISA in UE (Anexa II)
"Hydrocarbons, C13-27, solvent-extd. light naphthenic, if they contain > 3 % w/w DMSO extract",-10,Substanta INTERZISA in UE (Anexa II)
"Hydrocarbons, C14-29, solvent-extd. light naphthenic, if they contain > 3 % w/w DMSO extract",-10,Substanta INTERZISA in UE (Anexa II)
"Foots oil (petroleum), carbon-treated, if it contains > 3 % w/w DMSO extract",-10,Substanta INTERZISA in UE (Anexa II)
"Foots oil (petroleum), silicic acid-treated, if it contains > 3 % w/w DMSO extract",-10,Substanta INTERZISA in UE (Anexa II)
"Hydrocarbons, C27-42, dearomatized, if they contain > 3 % w/w DMSO extract",-10,Substanta INTERZISA in UE (Anexa II)
"Hydrocarbons, C17-30, hydrotreated distillates, distn. Lights, if they contain > 3 % w/w DMSO extract",-10,Substanta INTERZISA in UE (Anexa II)
"Hydrocarbons, C27-45, naphthenic vacuum distn,. if they contain > 3 % w/w DMSO extract",-10,Substanta INTERZISA in UE (Anexa II)
"Hydrocarbons, C27-45, dearomatised, if they contain > 3 % w/w DMSO extract",-10,Substanta INTERZISA in UE (Anexa II)
"Hydrocarbons, C20-58, hydrotreated, if they contain > 3 % w/w DMSO extract",-10,Substanta INTERZISA in UE (Anexa II)
"Hydrocarbons, C27-42, naphthenic, if they contain > 3 % w/w DMSO extract",-10,Substanta INTERZISA in UE (Anexa II)
"Extracts (petroleum), light paraffinic distillate solvent, carbon-treated, if they contain > 3 % w/w DMSO extract",-10,Substanta INTERZISA in UE (Anexa II)
"Extracts (petroleum), light paraffinic distillate solvent, clay-treated, if they contain > 3 % w/w DMSO extract",-10,Substanta INTERZISA in UE (Anexa II)
"Extracts (petroleum), light vacuum, gas oil solvent, carbon-treated, if they contain > 3 % w/w DMSO extract",-10,Substanta INTERZISA in UE (Anexa II)
"Extracts (petroleum), light vacuum gas oil solvent, clay-treated, if they contain > 3 % w/w DMSO extract",-10,Substanta INTERZISA in UE (Anexa II)
"Residual oils (petroleum), carbon-treated solvent-dewaxed, if they contain > 3 % w/w DMSO extract",-10,Substanta INTERZISA in UE (Anexa II)
"Residual oils (petroleum), clay-treated solvent-dewaxed, if they contain > 3 % w/w DMSO extract",-10,Substanta INTERZISA in UE (Anexa II)
"Lubricating oils (petroleum), C>25, solvent-extd., deasphalted, dewaxed, hydrogenated, if they contain > 3 % w/w DMSO extract",-10,Substanta INTERZISA in UE (Anexa II)
"Lubricating oils (petroleum), C17-32, solvent-extd., dewaxed, hydrogenated, if they contain > 3 % w/w DMSO extract",-10,Substanta INTERZISA in UE (Anexa II)
"Lubricating oils (petroleum), C20-35, solvent-extd., dewaxed, hydrogenated, if they contain > 3 % w/w DMSO extract",-10,Substanta INTERZISA in UE (Anexa II)
"Lubricating oils (petroleum), C24-50, solvent-extd., dewaxed, hydrogenated, if they contain > 3 % w/w DMSO extract",-10,Substanta INTERZISA in UE (Anexa II)
"Distillates (petroleum), sweetened middle, except if the full refining history is known and it can be shown that the substance from which it is produced is not a carcinogen",-10,Substanta INTERZISA in UE (Anexa II)
"Gas oils (petroleum), solvent-refined, except if the full refining history is known and it can be shown that the substance from which it is produced is not a carcinogen",-10,Substanta INTERZISA in UE (Anexa II)
"Distillates (petroleum), solvent-refined middle, except if the full refining history is known and it can be shown that the substance from which it is produced is not a carcinogen",-10,Substanta INTERZISA in UE (Anexa II)
"Gas oils (petroleum), acid-treated, except if the full refining history is known and it can be shown that the substance from which it is produced is not a carcinogen",-10,Substanta INTERZISA in UE (Anexa II)
"Distillates (petroleum), acid-treated middle, except if the full refining history is known and it can be shown that the substance from which it is produced is not a carcinogen",-10,Substanta INTERZISA in UE (Anexa II)
"Distillates (petroleum), acid-treated light, except if the full refining history is known and it can be shown that the substance from which it is produced is not a carcinogen",-10,Substanta INTERZISA in UE (Anexa II)
"Gas oils (petroleum), chemically neutralized, except if the full refining history is known and it can be shown that the substance from which it is produced is not a carcinogen",-10,Substanta INTERZISA in UE (Anexa II)
"Distillates (petroleum), chemically neutralised middle, except if the full refining history is known and it can be shown that the substance from which it is produced is not a carcinogen",-10,Substanta INTERZISA in UE (Anexa II)
"Distillates (petroleum), clay-treated middle, except if the full refining history is known and it can be shown that the substance from which it is produced is not a carcinogen",-10,Substanta INTERZISA in UE (Anexa II)
"Distillates (petroleum), hydrotreated middle, except if the full refining history is known and it can be shown that the substance from which it is produced is not a carcinogen",-10,Substanta INTERZISA in UE (Anexa II)
"Gas oils (petroleum), hydrodesulfurized, except if the full refining history is known and it can be shown that the substance from which it is produced is not a carcinogen",-10,Substanta INTERZISA in UE (Anexa II)
"Distillates (petroleum), hydrodesulfurised middle, except if the full refining history is known and it can be shown that the substance from which it is produced is not a carcinogen",-10,Substanta INTERZISA in UE (Anexa II)
"Distillates (petroleum), catalytic reformer fractionator residue, high-boiling, except if the full refining history is known and it can be shown that the substance from which it is produced is not a carcinogen",-10,Substanta INTERZISA in UE (Anexa II)
"Distillates (petroleum), catalytic reformer fractionator residue, intermediate-boiling, except if the full refining history is known and it can be shown that the substance from which it is produced is not a carcinogen",-10,Substanta INTERZISA in UE (Anexa II)
"Distillates (petroleum), catalytic reformer fractionator residue, low-boiling, except if the full refining history is known and it can be shown that the substance from which it is produced is not a carcinogen",-10,Substanta INTERZISA in UE (Anexa II)
"Alkanes, C12-26-branched and linear, except if the full refining history is known and it can be shown that the substance from which it is produced is not a carcinogen",-10,Substanta INTERZISA in UE (Anexa II)
"Distillates (petroleum), highly refined middle, except if the full refining history is known and it can be shown that the substance from which it is produced is not a carcinogen",-10,Substanta INTERZISA in UE (Anexa II)
"Distillates (petroleum), catalytic reformer, heavy arom. conc., except if the full refining history is known and it can be shown that the substance from which it is produced is not a carcinogen",-10,Substanta INTERZISA in UE (Anexa II)
"Gas oils, paraffinic, except if the full refining history is known and it can be shown that the substance from which it is produced is not a carcinogen",-10,Substanta INTERZISA in UE (Anexa II)
"Naphtha (petroleum), solvent-refined hydrodesulfurised heavy, except if the full refining history is known and it can be shown that the substance from which it is produced is not a carcinogen",-10,Substanta INTERZISA in UE (Anexa II)
"Hydrocarbons, C16-20, hydrotreated middle distillate, distn. Lights, except if the full refining history is known and it can be shown that the substance from which it is produced is not a carcinogen",-10,Substanta INTERZISA in UE (Anexa II)
"Hydrocarbons, C12-20, hydrotreated paraffinic, distn. lights, except if the full refining history is known and it can be shown that the substance from which it is produced is not a carcinogen",-10,Substanta INTERZISA in UE (Anexa II)
"Hydrocarbons, C11-17, solvent-extd. light naphthenic, except if the full refining history is known and it can be shown that the substance from which it is produced is not a carcinogen",-10,Substanta INTERZISA in UE (Anexa II)
"Gas oils, hydrotreated, except if the full refining history is known and it can be shown that the substance from which it is produced is not a carcinogen",-10,Substanta INTERZISA in UE (Anexa II)
"Distillates (petroleum), carbon-treated light paraffinic, except if the full refining history is known and it can be shown that the substance from which it is produced is not a carcinogen",-10,Substanta INTERZISA in UE (Anexa II)
"Distillates (petroleum), intermediate paraffinic, carbon-treated, except if the full refining history is known and it can be shown that the substance from which it is produced is not a carcinogen",-10,Substanta INTERZISA in UE (Anexa II)
"Distillates (petroleum), intermediate paraffinic, clay-treated, except if the full refining history is known and it can be shown that the substance from which it is produced is not a carcinogen",-10,Substanta INTERZISA in UE (Anexa II)
"Lubricating greases, except if the full refining history is known and it can be shown that the substance from which it is produced is not a carcinogen",-10,Substanta INTERZISA in UE (Anexa II)
"Slack wax (petroleum), except if the full refining history is known and it can be shown that the substance from which it is produced is not a carcinogen",-10,Substanta INTERZISA in UE (Anexa II)
"Slack wax (petroleum), acid-treated, except if the full refining history is known and it can be shown that the substance from which it is produced is not a carcinogen",-10,Substanta INTERZISA in UE (Anexa II)
"Slack wax (petroleum), clay-treated, except if the full refining history is known and it can be shown that the substance from which it is produced is not a carcinogen",-10,Substanta INTERZISA in UE (Anexa II)
"Slack wax (petroleum), hydrotreated, except if the full refining history is known and it can be shown that the substance from which it is produced is not a carcinogen",-10,Substanta INTERZISA in UE (Anexa II)
"Slack wax (petroleum), low-melting, except if the full refining history is known and it can be shown that the substance from which it is produced is not a carcinogen",-10,Substanta INTERZISA in UE (Anexa II)
"Slack wax (petroleum), low-melting, hydrotreated, except if the full refining history is known and it can be shown that the substance from which it is produced is not a carcinogen",-10,Substanta INTERZISA in UE (Anexa II)
"Slack wax (petroleum), low-melting, carbon-treated, except if the full refining history is known and it can be shown that the substance from which it is produced is not a carcinogen",-10,Substanta INTERZISA in UE (Anexa II)
"Slack wax (petroleum), low-melting, clay-treated, except if the full refining history is known and it can be shown that the substance from which it is produced is not a carcinogen",-10,Substanta INTERZISA in UE (Anexa II)
"Slack wax (petroleum), low-melting, silicic acid-treated, except if the full refining history is known and it can be shown that the substance from which it is produced is not a carcinogen",-10,Substanta INTERZISA in UE (Anexa II)
"Slack wax (petroleum), carbon-treated, except if the full refining history is known and it can be shown that the substance from which it is produced is not a carcinogen",-10,Substanta INTERZISA in UE (Anexa II)
"Petrolatum, except if the full refining history is known and it can be shown that the substance from which it is produced is not a carcinogen",-10,Substanta INTERZISA in UE (Anexa II)
"Petrolatum (petroleum), oxidized, except if the full refining history is known and it can be shown that the substance from which it is produced is not a carcinogen",-10,Substanta INTERZISA in UE (Anexa II)
"Petrolatum (petroleum), alumina-treated, except if the full refining history is known and it can be shown that the substance from which it is produced is not a carcinogen",-10,Substanta INTERZISA in UE (Anexa II)
"Petrolatum (petroleum), hydrotreated, except if the full refining history is known and it can be shown that the substance from which it is produced is not a carcinogen",-10,Substanta INTERZISA in UE (Anexa II)
"Petrolatum (petroleum), carbon-treated, except if the full refining history is known and it can be shown that the substance from which it is produced is not a carcinogen",-10,Substanta INTERZISA in UE (Anexa II)
"Petrolatum (petroleum), silicic acid-treated, except if the full refining history is known and it can be shown that the substance from which it is produced is not a carcinogen",-10,Substanta INTERZISA in UE (Anexa II)
"Petrolatum (petroleum), clay-treated, except if the full refining history is known and it can be shown that the substance from which it is produced is not a carcinogen",-10,Substanta INTERZISA in UE (Anexa II)
"Distillates (petroleum), light catalytic cracked",-10,Substanta INTERZISA in UE (Anexa II)
"Distillates (petroleum), intermediate catalytic cracked",-10,Substanta INTERZISA in UE (Anexa II)
"Distillates (petroleum), light thermal cracked",-10,Substanta INTERZISA in UE (Anexa II)
"Distillates (petroleum), hydrodesulfurised light catalytic cracked",-10,Substanta INTERZISA in UE (Anexa II)
"Distillates (petroleum), light steam-cracked naphtha",-10,Substanta INTERZISA in UE (Anexa II)
"Distillates (petroleum), cracked steam-cracked petroleum distillates",-10,Substanta INTERZISA in UE (Anexa II)
"Gas oils (petroleum), steam-cracked",-10,Substanta INTERZISA in UE (Anexa II)
"Distillates (petroleum), hydrodesulfurised thermal cracked middle",-10,Substanta INTERZISA in UE (Anexa II)
"Gas oils (petroleum), thermal-cracked, hydrodesulfurized",-10,Substanta INTERZISA in UE (Anexa II)
"Residues (petroleum), hydrogenated steam-cracked naphtha",-10,Substanta INTERZISA in UE (Anexa II)
"Residues (petroleum), steam-cracked naphtha distn.",-10,Substanta INTERZISA in UE (Anexa II)
"Distillates (petroleum), light catalytic cracked, thermally degraded",-10,Substanta INTERZISA in UE (Anexa II)
"Residues (petroleum), steam-cracked heat-soaked naphtha",-10,Substanta INTERZISA in UE (Anexa II)
"Gas oils (petroleum), light vacuum, thermal-cracked hydrodesulfurized",-10,Substanta INTERZISA in UE (Anexa II)
"Distillates (petroleum), hydrodesulfurized middle coker",-10,Substanta INTERZISA in UE (Anexa II)
"Distillates (petroleum), heavy steam-cracked",-10,Substanta INTERZISA in UE (Anexa II)
"Residues (petroleum), atm. Tower",-10,Substanta INTERZISA in UE (Anexa II)
"Gas oils (petroleum), heavy vacuum",-10,Substanta INTERZISA in UE (Anexa II)
"Distillates (petroleum), heavy catalytic cracked",-10,Substanta INTERZISA in UE (Anexa II)
"Clarified oils (petroleum), catalytic cracked",-10,Substanta INTERZISA in UE (Anexa II)
"Residues (petroleum), catalytic reformer fractionator",-10,Substanta INTERZISA in UE (Anexa II)
"Residues (petroleum), hydrocracked",-10,Substanta INTERZISA in UE (Anexa II)
"Residues (petroleum), thermal cracked",-10,Substanta INTERZISA in UE (Anexa II)
"Distillates (petroleum), heavy thermal cracked",-10,Substanta INTERZISA in UE (Anexa II)
"Gas oils (petroleum), hydrotreated vacuum",-10,Substanta INTERZISA in UE (Anexa II)
"Residues (petroleum), hydrodesulfurized atmospheric tower",-10,Substanta INTERZISA in UE (Anexa II)
"Gas oils (petroleum), hydrodesulfurized heavy vacuum",-10,Substanta INTERZISA in UE (Anexa II)
"Residues (petroleum), steam-cracked",-10,Substanta INTERZISA in UE (Anexa II)
"Residues (petroleum), atmospheric",-10,Substanta INTERZISA in UE (Anexa II)
"Clarified oils (petroleum), hydrodesulfurized catalytic cracked",-10,Substanta INTERZISA in UE (Anexa II)
"Distillates (petroleum), hydrodesulfurized intermediate catalytic cracked",-10,Substanta INTERZISA in UE (Anexa II)
"Distillates (petroleum), hydrodesulfurized heavy catalytic cracked",-10,Substanta INTERZISA in UE (Anexa II)
"Fuel oil, residues-straight-run gas oils, high-sulfur",-10,Substanta INTERZISA in UE (Anexa II)
"Fuel oil, residual",-10,Substanta INTERZISA in UE (Anexa II)
"Residues (petroleum), catalytic reformer fractionator residue distn.",-10,Substanta INTERZISA in UE (Anexa II)
"Residues (petroleum), heavy coker gas oil and vacuum gas oil",-10,Substanta INTERZISA in UE (Anexa II)
"Residues (petroleum), heavy coker and light vacuum",-10,Substanta INTERZISA in UE (Anexa II)
"Residues (petroleum), light vacuum",-10,Substanta INTERZISA in UE (Anexa II)
"Residues (petroleum), steam-cracked light",-10,Substanta INTERZISA in UE (Anexa II)
"Fuel oil, No 6",-10,Substanta INTERZISA in UE (Anexa II)
"Residues (petroleum), topping plant, low-sulfur",-10,Substanta INTERZISA in UE (Anexa II)
"Gas oils (petroleum), heavy atmospheric",-10,Substanta INTERZISA in UE (Anexa II)
"Residues (petroleum), coker scrubber, condensed-ring-arom.-contg",-10,Substanta INTERZISA in UE (Anexa II)
"Distillates (petroleum), petroleum residues vacuum",-10,Substanta INTERZISA in UE (Anexa II)
"Residues (petroleum), steam-cracked, resinous",-10,Substanta INTERZISA in UE (Anexa II)
"Distillates (petroleum), intermediate vacuum",-10,Substanta INTERZISA in UE (Anexa II)
"Distillates (petroleum), light vacuum",-10,Substanta INTERZISA in UE (Anexa II)
"Distillates (petroleum), vacuum",-10,Substanta INTERZISA in UE (Anexa II)
"Gas oils (petroleum), hydrodesulfurized coker heavy vacuum",-10,Substanta INTERZISA in UE (Anexa II)
"Residues (petroleum), steam-cracked, distillates",-10,Substanta INTERZISA in UE (Anexa II)
"Residues (petroleum), vacuum, light",-10,Substanta INTERZISA in UE (Anexa II)
"Fuel oil, heavy, high-sulfur",-10,Substanta INTERZISA in UE (Anexa II)
"Residues (petroleum), catalytic cracking",-10,Substanta INTERZISA in UE (Anexa II)
"Distillates (petroleum), intermediate catalytic cracked, thermally degraded",-10,Substanta INTERZISA in UE (Anexa II)
Residual oils (petroleum),-10,Substanta INTERZISA in UE (Anexa II)
"Residues, steam cracked, thermally treated",-10,Substanta INTERZISA in UE (Anexa II)
"Distillates (petroleum), hydrodesulfurized full-range middle",-10,Substanta INTERZISA in UE (Anexa II)
"Distillates (petroleum), light paraffinic",-10,Substanta INTERZISA in UE (Anexa II)
"Distillates (petroleum), heavy paraffinic",-10,Substanta INTERZISA in UE (Anexa II)
"Distillates (petroleum), light naphthenic",-10,Substanta INTERZISA in UE (Anexa II)
"Distillates (petroleum), heavy naphthenic",-10,Substanta INTERZISA in UE (Anexa II)
"Distillates (petroleum), acid-treated heavy naphthenic",-10,Substanta INTERZISA in UE (Anexa II)
"Distillates (petroleum), acid-treated light naphthenic",-10,Substanta INTERZISA in UE (Anexa II)
"Distillates (petroleum), acid-treated heavy paraffinic",-10,Substanta INTERZISA in UE (Anexa II)
"Distillates (petroleum), acid-treated light paraffinic",-10,Substanta INTERZISA in UE (Anexa II)
"Distillates (petroleum), chemically neutralized heavy paraffinic",-10,Substanta INTERZISA in UE (Anexa II)
"Distillates (petroleum), chemically neutralized light paraffinic",-10,Substanta INTERZISA in UE (Anexa II)
"Distillates (petroleum), chemically neutralized heavy naphthenic",-10,Substanta INTERZISA in UE (Anexa II)
"Distillates (petroleum), chemically neutralized light naphthenic",-10,Substanta INTERZISA in UE (Anexa II)
"Extracts (petroleum), light naphthenic distillate solvent",-10,Substanta INTERZISA in UE (Anexa II)
"Extracts (petroleum), heavy paraffinic distillate solvent",-10,Substanta INTERZISA in UE (Anexa II)
"Extracts (petroleum), light paraffinic distillate solvent",-10,Substanta INTERZISA in UE (Anexa II)
"Extracts (petroleum), heavy naphthenic distillate solvent",-10,Substanta INTERZISA in UE (Anexa II)
"Extracts (petroleum), light vacuum gas oil solvent",-10,Substanta INTERZISA in UE (Anexa II)
"Hydrocarbons, C26-55, arom.-rich",-10,Substanta INTERZISA in UE (Anexa II)
"Disodium 3,3'-[[1,1'-biphenyl]-4,4'-diylbis(azo)] bis(4-aminonaphthalene-1- sulphonate)",-10,Substanta INTERZISA in UE (Anexa II)
"Disodium 4-amino-3-[[4'-[(2,4-diaminophenyl)azo] [1,1'-biphenyl]-4-yl]azo]-5-hydroxy-6-(phenylazo)naphthalene-2,7-disulphonate",-10,Substanta INTERZISA in UE (Anexa II)
"Tetrasodium 3,3'-[[1,1'-biphenyl]-4,4'-diylbis(azo)]bis[5-amino-4-hydroxynaphthalene-2,7-disulphonate]",-10,Substanta INTERZISA in UE (Anexa II)
4-o-Tolylazo-o-toluidine,-10,Substanta INTERZISA in UE (Anexa II)
4-Aminoazobenzene,-10,Substanta INTERZISA in UE (Anexa II)
"Disodium[5-[[4'-[[2,6-dihydroxy-3-[(2-hydroxy-5-sulphophenyl)azo]phenyl]azo][1,1'-biphenyl]-4-yl]azo]salicylato(4-)]cuprate(2-)",-10,Substanta INTERZISA in UE (Anexa II)
Resorcinol diglycidyl ether,-10,Substanta INTERZISA in UE (Anexa II)
"1,3-Diphenylguanidine",-10,Substanta INTERZISA in UE (Anexa II)
Heptachlor-epoxide,-10,Substanta INTERZISA in UE (Anexa II)
4-Nitrosophenol,-10,Substanta INTERZISA in UE (Anexa II)
Carbendazim,-10,Substanta INTERZISA in UE (Anexa II)
Allyl glycidyl ether,-10,Substanta INTERZISA in UE (Anexa II)
Chloroacetaldehyde,-10,Substanta INTERZISA in UE (Anexa II)
Hexane,-10,Substanta INTERZISA in UE (Anexa II)
2-Methoxyethoxy)ethanol (Diethylene glycol mono­methyl ether; DEGME),-10,Substanta INTERZISA in UE (Anexa II)
"(+/-)-2-(2,4-Dichlorophenyl)-3-(1H-1,2,4-triazol-1-yl)propyl-1,1,2,2-tetrafluoroethylether (Tetraconazole - ISO)",-10,Substanta INTERZISA in UE (Anexa II)
"4-[4-(1,3-Dihydroxyprop-2-yl)phenylamino]-1,8-dihydroxy-5-nitroanthraquinone",-10,Substanta INTERZISA in UE (Anexa II)
"5,6,12,13-Tetrachloroanthra(2,1,9-def:6,5,10-d'e'f')diisoquinoline-1,3,8,10(2H,9H)-tetrone",-10,Substanta INTERZISA in UE (Anexa II)
tris(2-Chloroethyl) phosphate,-10,Substanta INTERZISA in UE (Anexa II)
4'-Ethoxy-2-benzimidazoleanilide,-10,Substanta INTERZISA in UE (Anexa II)
Nickel dihydroxide [1]; nickel hydroxide [2],-10,Substanta INTERZISA in UE (Anexa II)
"N,N-Dimethylaniline",-10,Substanta INTERZISA in UE (Anexa II)
Simazine,-10,Substanta INTERZISA in UE (Anexa II)
"Bis(cyclopentadienyl)-bis(2,6-difluoro-3-(pyrrol-1-yl)-phenyl)titanium",-10,Substanta INTERZISA in UE (Anexa II)
"N,N,N',N'-Tetraglycidyl-4,4'-diamino-3,3'-diethyldiphenylmethane",-10,Substanta INTERZISA in UE (Anexa II)
Divanadium pentaoxide,-10,Substanta INTERZISA in UE (Anexa II)
Pentachlorophenol [1]; Sodium pentachlorophenolate [2]; Potassium pentachlorophenolate [3],-10,Substanta INTERZISA in UE (Anexa II)
Phosphamidon,-10,Substanta INTERZISA in UE (Anexa II)
N-(Trichloromethylthio)phthalimide (Folpet - ISO),-10,Substanta INTERZISA in UE (Anexa II)
N-2-Naphthylaniline,-10,Substanta INTERZISA in UE (Anexa II)
Ziram,-10,Substanta INTERZISA in UE (Anexa II)
"1-Bromo-3,4,5-trifluorobenzene",-10,Substanta INTERZISA in UE (Anexa II)
Propazine,-10,Substanta INTERZISA in UE (Anexa II)
"3-(4-Chlorophenyl)-1,1-dimethyluronium trichloroacetate; monuron-TCA",-10,Substanta INTERZISA in UE (Anexa II)
Isoxaflutole,-10,Substanta INTERZISA in UE (Anexa II)
Kresoxim-methyl,-10,Substanta INTERZISA in UE (Anexa II)
Chlordecone,-10,Substanta INTERZISA in UE (Anexa II)
9-Vinylcarbazole,-10,Substanta INTERZISA in UE (Anexa II)
2-ethylhexanoic acid and its salts with the exception of those specified elsewhere in Annex VI to Regulation (EC) No 1272/2008.,-10,Substanta INTERZISA in UE (Anexa II)
Monuron,-10,Substanta INTERZISA in UE (Anexa II)
Morpholine-4-carbonyl chloride,-10,Substanta INTERZISA in UE (Anexa II)
Daminozide,-10,Substanta INTERZISA in UE (Anexa II)
Alachlor (ISO),-10,Substanta INTERZISA in UE (Anexa II)
"UVCB condensation product of: tetrakis-hydroxymethylphosphonium chloride, urea and distilled hydrogenated C16-18 tallow alkylamine",-10,Substanta INTERZISA in UE (Anexa II)
"4-hydroxy-3,5-diiodobenzonitrile [1]; 4-Cyano-2,6-diiodophenyl octanoate [2]",-10,Substanta INTERZISA in UE (Anexa II)
"Bromoxynil (ISO) 3,5-Dibromo-4-hydroxybenzonitrile [1] and Bromoxynil heptanoate (ISO) [2]",-10,Substanta INTERZISA in UE (Anexa II)
"2,6-Dibromo-4-cyanophenyl octanoate",-10,Substanta INTERZISA in UE (Anexa II)
"5-Chloro-1,3-dihydro-2H-indol-2-one",-10,Substanta INTERZISA in UE (Anexa II)
Benomyl (ISO),-10,Substanta INTERZISA in UE (Anexa II)
Chlorothalonil,-10,Substanta INTERZISA in UE (Anexa II)
"N'-(4-Chloro-o-tolyl)-N,N-dimethylformamidine monohydrochloride",-10,Substanta INTERZISA in UE (Anexa II)
"4,4'-Methylenebis(2-ethylaniline)",-10,Substanta INTERZISA in UE (Anexa II)
Valinamide,-10,Substanta INTERZISA in UE (Anexa II)
[(p-Tolyloxy)methyl]oxirane,-10,Substanta INTERZISA in UE (Anexa II)
[(m-Tolyloxy)methyl]oxirane,-10,Substanta INTERZISA in UE (Anexa II)
"2,3-Epoxypropyl o-tolyl ether",-10,Substanta INTERZISA in UE (Anexa II)
"[(Tolyloxy)methyl]oxirane, cresyl glycidyl ether",-10,Substanta INTERZISA in UE (Anexa II)
Di-allate,-10,Substanta INTERZISA in UE (Anexa II)
"Benzyl 2,4-dibromobutanoate",-10,Substanta INTERZISA in UE (Anexa II)
Trifluoroiodomethane,-10,Substanta INTERZISA in UE (Anexa II)
Thiophanate-methyl,-10,Substanta INTERZISA in UE (Anexa II)
"Dodecachloropentacyclo[5.2.1.02,6.03,9.05,8]decane (Mirex)",-10,Substanta INTERZISA in UE (Anexa II)
Propyzamide,-10,Substanta INTERZISA in UE (Anexa II)
Butyl glycidyl ether,-10,Substanta INTERZISA in UE (Anexa II)
"2,3,4-Trichlorobut-1-ene",-10,Substanta INTERZISA in UE (Anexa II)
Chinomethionate,-10,Substanta INTERZISA in UE (Anexa II)
"(R)-alpha-Phenylethylammonium (-)-(1R,2S)-(1,2-epoxypropyl)phosphonate monohydrate",-10,Substanta INTERZISA in UE (Anexa II)
"5-Ethoxy-3-trichloromethyl-1,2,4-thiadiazole (Etridiazole - ISO)",-10,Substanta INTERZISA in UE (Anexa II)
Disperse Yellow 3,-10,Substanta INTERZISA in UE (Anexa II)
"1,2,4-Triazole",-10,Substanta INTERZISA in UE (Anexa II)
Aldrin (ISO),-10,Substanta INTERZISA in UE (Anexa II)
Diuron (ISO),-10,Substanta INTERZISA in UE (Anexa II)
Linuron (ISO),-10,Substanta INTERZISA in UE (Anexa II)
"Nickel carbonate; basic nickel carbonate; carbonic acid, nickel (2+) salt [1]; carbonic acid, nickel salt [2]; [micro-[carbonato(2-)-O:O']]dihydroxy trinickel [3]; [carbonato(2-)]tetrahydroxytrinickel [4]",-10,Substanta INTERZISA in UE (Anexa II)
"3-(4-Isopropylphenyl)-1,1-dimethylurea (Isoproturon - ISO)",-10,Substanta INTERZISA in UE (Anexa II)
Iprodione,-10,Substanta INTERZISA in UE (Anexa II)
"5-(2,4-Dioxo-1,2,3,4-tetrahydropyrimidine)-3-fluoro-2-hydroxymethylterahydrofuran",-10,Substanta INTERZISA in UE (Anexa II)
Crotonaldehyde [1]; (E)-crotonaldehyde [2],-10,Substanta INTERZISA in UE (Anexa II)
Hexahydrocyclopenta[c]pyrrole-1-(1H)-ammonium N-ethoxycarbonyl-N-(p-tolylsulfonyl)azanide,-10,Substanta INTERZISA in UE (Anexa II)
"4,4'-Carbonimidoylbis[N,N-dimethylaniline] and its salts",-10,Substanta INTERZISA in UE (Anexa II)
DNOC (ISO),-10,Substanta INTERZISA in UE (Anexa II)
Toluidinium chloride,-10,Substanta INTERZISA in UE (Anexa II)
Toluidine sulphate (1:1),-10,Substanta INTERZISA in UE (Anexa II)
2-(4-tert-Butylphenyl)ethanol,-10,Substanta INTERZISA in UE (Anexa II)
Fenthion (ISO),-10,Substanta INTERZISA in UE (Anexa II)
"Chlordane, pur",-10,Substanta INTERZISA in UE (Anexa II)
Hexan-2-one (Methyl butyl ketone),-10,Substanta INTERZISA in UE (Anexa II)
Fenarimol (ISO),-10,Substanta INTERZISA in UE (Anexa II)
Acetamide,-10,Substanta INTERZISA in UE (Anexa II)
"N-Cyclohexyl-N-methoxy-2,5-dimethyl-3-furamide (Furmecyclox - ISO)",-10,Substanta INTERZISA in UE (Anexa II)
Dieldrin (ISO),-10,Substanta INTERZISA in UE (Anexa II)
"4,4'-Isobutylethylidenediphenol",-10,Substanta INTERZISA in UE (Anexa II)
Chlordimeform (ISO),-10,Substanta INTERZISA in UE (Anexa II)
Amitrole (ISO),-10,Substanta INTERZISA in UE (Anexa II)
Carbaryl (ISO),-10,Substanta INTERZISA in UE (Anexa II)
"Distillates (petroleum), light hydrocracked",-10,Substanta INTERZISA in UE (Anexa II)
1-Ethyl-1-methylmorpholinium bromide,-10,Substanta INTERZISA in UE (Anexa II)
(3-Chlorophenyl)-(4-methoxy-3-nitrophenyl)methanone,-10,Substanta INTERZISA in UE (Anexa II)
"Fuels, diesel, except if the full refining history is known and it can be shown that the substance from which it is produced is not a carcinogen",-10,Substanta INTERZISA in UE (Anexa II)
"Fuel oil, no. 2",-10,Substanta INTERZISA in UE (Anexa II)
"Fuel oil, no. 4",-10,Substanta INTERZISA in UE (Anexa II)
"Fuels, diesel, no. 2",-10,Substanta INTERZISA in UE (Anexa II)
"2,2-Dibromo-2-nitroethanol",-10,Substanta INTERZISA in UE (Anexa II)
1-Ethyl-1-methylpyrrolidinium bromide,-10,Substanta INTERZISA in UE (Anexa II)
Monocrotophos,-10,Substanta INTERZISA in UE (Anexa II)
Nickel; nickel powder [particle diameter<1 mm],-10,Substanta INTERZISA in UE (Anexa II)
Bromomethane (Methyl bromide - ISO),-10,Substanta INTERZISA in UE (Anexa II)
Chloromethane (Methyl chloride),-10,Substanta INTERZISA in UE (Anexa II)
Iodomethane (Methyl iodide),-10,Substanta INTERZISA in UE (Anexa II)
Bromoethane (Ethyl bromide),-10,Substanta INTERZISA in UE (Anexa II)
Heptachlor,-10,Substanta INTERZISA in UE (Anexa II)
Fentin hydroxide,-10,Substanta INTERZISA in UE (Anexa II)
Nickel sulphate,-10,Substanta INTERZISA in UE (Anexa II)
"3,5,5-Trimethylcyclohex-2-enone (Isophorone)",-10,Substanta INTERZISA in UE (Anexa II)
"2,3-Dichloropropene",-10,Substanta INTERZISA in UE (Anexa II)
Fluazifop-P-butyl (ISO),-10,Substanta INTERZISA in UE (Anexa II)
"(S)-2,3-Dihydro-1H-indole-carboxylic acid",-10,Substanta INTERZISA in UE (Anexa II)
Toxaphene,-10,Substanta INTERZISA in UE (Anexa II)
(4-Hydrazinophenyl)-N-methylmethanesulfonamide hydrochloride,-10,Substanta INTERZISA in UE (Anexa II)
CI Solvent Yellow 14,-10,Substanta INTERZISA in UE (Anexa II)
Chlozolinate (ISO),-10,Substanta INTERZISA in UE (Anexa II)
"Alkanes, C10-13, chloro",-10,Substanta INTERZISA in UE (Anexa II)
Moved or deleted,-10,Substanta INTERZISA in UE (Anexa II)
"2,4,6-Trichlorophenol",-10,Substanta INTERZISA in UE (Anexa II)
Diethylcarbamoyl-chloride,-10,Substanta INTERZISA in UE (Anexa II)
1-Vinyl-2-pyrrolidone,-10,Substanta INTERZISA in UE (Anexa II)
"Myclobutanil (ISO)
2-(4-chlorophenyl)-2-(1H-1,2,4-triazol-1-ylmethyl)hexanenitrile",-10,Substanta INTERZISA in UE (Anexa II)
Fentin acetate,-10,Substanta INTERZISA in UE (Anexa II)
Biphenyl-2-ylamine,-10,Substanta INTERZISA in UE (Anexa II)
trans-4-cyclohexyl-L-proline monohydrochloride,-10,Substanta INTERZISA in UE (Anexa II)
"2-Methyl-m-phenylene diisocyanate (Toluene 2,6-diisocyanate)",-10,Substanta INTERZISA in UE (Anexa II)
"4-Methyl-m-phenylene diisocyanate (Toluene 2,4-diisocyanate)",-10,Substanta INTERZISA in UE (Anexa II)
m-Tolylidene diisocyanate (Toluene diisocyanate),-10,Substanta INTERZISA in UE (Anexa II)
"Fuels, jet aircraft, coal solvent extn., hydrocracked hydrogenated",-10,Substanta INTERZISA in UE (Anexa II)
"Fuels, diesel, coal solvent extn., hydrocracked hydrogenated",-10,Substanta INTERZISA in UE (Anexa II)
"Pitch, if it contains > 0.005 % w/w benzo[a]pyrene",-10,Substanta INTERZISA in UE (Anexa II)
2-Butanone oxime,-10,Substanta INTERZISA in UE (Anexa II)
"Hydrocarbons, C16-20, solvent-dewaxed hydrocracked paraffinic distn. residue",-10,Substanta INTERZISA in UE (Anexa II)
"alpha, alpha-Dichlorotoluene",-10,Substanta INTERZISA in UE (Anexa II)
"Mineral wool, with the exception of those specified elsewhere in this Annex; [Man-made vitreous (silicate)fibres with random orientation with alkaline oxide and alkali earth oxide (Na2O+K2O+CaO+MgO+BaO) content greater than 18% by weight]",-10,Substanta INTERZISA in UE (Anexa II)
"Reaction product of acetophenone, formaldehyde, cyclohexylamine, methanol and acetic acid",-10,Substanta INTERZISA in UE (Anexa II)
Moved or deleted,-10,Substanta INTERZISA in UE (Anexa II)
Moved or deleted,-10,Substanta INTERZISA in UE (Anexa II)
Trisodium bis(7-acetamido-2-(4-nitro-2-oxidophenylazo)-3-sulfonato-1-naphtholato)chromate(1-),-10,Substanta INTERZISA in UE (Anexa II)
"A mixture of: 
4-allyl-2,6-bis(2,3-epoxypropyl)phenol;
4-allyl-6-[3-[6-[3-[6-[3-(4-allyl-2,6-bis(2,3-epoxypropyl)phenoxy)-2-hydroxypropyl]-4-allyl-2-(2,3-epoxypropyl)phenoxy]-2-hydroxypropyl]-4-allyl-2-(2,3-epoxypropyl)phenoxy]-2-hydroxypropyl]-2-(2,3-epoxypropyl)phenol;
4-allyl-6-[3-(4-allyl-2,6-bis(2,3-epoxypropyl)phenoxy)-2-hydroxypropyl]-2-(2,3-epoxypropyl)phenol;
4-allyl-6-[3-[6-[3-(4-allyl-2,6-bis(2,3-epoxypropyl)phenoxy)-2-hydroxypropyl]-4-allyl-2-(2,3-epoxypropyl)phenoxy]-2-hydroxypropyl]-2-(2,3-epoxypropyl)phenol",-10,Substanta INTERZISA in UE (Anexa II)
"Costus root oil (Saussurea lappa Clarke), when used as a fragrance ingredient",-10,Substanta INTERZISA in UE (Anexa II)
"7-Ethoxy-4-methylcoumarin, when used as a fragrance ingredient",-10,Substanta INTERZISA in UE (Anexa II)
"Hexahydrocoumarin, when used as a fragrance ingredient",-10,Substanta INTERZISA in UE (Anexa II)
"Peru balsam (INCI name: Myroxylon pereirae), when used as a fragrance ingredient",-10,Substanta INTERZISA in UE (Anexa II)
Isobutyl nitrite,-10,Substanta INTERZISA in UE (Anexa II)
"Isoprene (stabilized); (2-Methyl-1,3-butadiene)",-10,Substanta INTERZISA in UE (Anexa II)
1-Bromopropane; n-Propyl bromide,-10,Substanta INTERZISA in UE (Anexa II)
"Chloroprene (stabilized); (2-Chlorobuta-1,3-diene)",-10,Substanta INTERZISA in UE (Anexa II)
"1,2,3-Trichloropropane",-10,Substanta INTERZISA in UE (Anexa II)
Ethylene glycol dimethyl ether (EGDME),-10,Substanta INTERZISA in UE (Anexa II)
Dinocap (ISO),-10,Substanta INTERZISA in UE (Anexa II)
Diaminotoluene[1]; [4-methyl-m-phenylene diamine][2];  [2-methyl-m-phenylene diamine][3],-10,Substanta INTERZISA in UE (Anexa II)
p-Chlorobenzotrichloride,-10,Substanta INTERZISA in UE (Anexa II)
Diphenylether; Octabromo derivate,-10,Substanta INTERZISA in UE (Anexa II)
"1,2-Bis(2-methoxyethoxy)ethane; Triethylene glycol dimethyl ether; (TEGDME); triglyme",-10,Substanta INTERZISA in UE (Anexa II)
Tetrahydrothiopyran-3-carboxaldehyde,-10,Substanta INTERZISA in UE (Anexa II)
"4,4'-Bis(dimethylamino)benzophenone; (Michler's ketone)",-10,Substanta INTERZISA in UE (Anexa II)
"Oxiranemethanol, 4-methylbenzene-sulfonate, (S)-",-10,Substanta INTERZISA in UE (Anexa II)
"1,2-Benzenedicarboxylic acid, dipentylester, branched and linear [1]; n-Pentyl-isopentylphthalate [2]; di-n-Pentyl phthalate [3]; Diisopentylphthalate [4]",-10,Substanta INTERZISA in UE (Anexa II)
Benzyl butyl phthalate (BBP),-10,Substanta INTERZISA in UE (Anexa II)
"1,2-Benzenedicarboxylic acid, di-C7-11-branched and linear alkyl esters",-10,Substanta INTERZISA in UE (Anexa II)
"A mixture of: 
Disodium 4-(3-ethoxycarbonyl-4-(5-(3-ethoxycarbonyl-5-hydroxy-1-(4-sulfonatophenyl)pyrazol-4-yl)penta-2,4-dienylidene)-4,5-dihydro-5-oxopyrazol-1-yl)benzenesulfonate, and 
trisodium 4-(3-ethoxycarbonyl-4-(5-(3-ethoxycarbonyl-5-oxido-1-(4-sulfonatophenyl)pyrazol-4-yl) penta-2,4-dienylidene)-4,5-dihydro-5-oxopyrazol-1-yl)benzenesulfonate",-10,Substanta INTERZISA in UE (Anexa II)
"(Methylenebis(4,1-phenylenazo(1-(3-(dimethylamino)propyl)-1,2-dihydro-6-hydroxy-4-methyl-2-oxopyridine-5,3-diyl)))-1,1'-dipyridinium dichloride dihydrochloride",-10,Substanta INTERZISA in UE (Anexa II)
2-[2-Hydroxy-3-(2-chlorophenyl)carbamoyl-1-naphthylazo]-7-[2-hydroxy-3-(3-methylphenyl)carbamoyl-1-naphthylazo]fluoren-9-one,-10,Substanta INTERZISA in UE (Anexa II)
Azafenidin (ISO),-10,Substanta INTERZISA in UE (Anexa II)
"2,4,5-Trimethylaniline [1]; 2,4,5-trimethylaniline hydrochloride [2]",-10,Substanta INTERZISA in UE (Anexa II)
"4,4'-Thiodianiline and its salts",-10,Substanta INTERZISA in UE (Anexa II)
"4,4'-Oxydianiline (p-aminophenyl ether) and its salts",-10,Substanta INTERZISA in UE (Anexa II)
"N,N,N',N'-Tetramethyl-4,4'-methylenedianiline",-10,Substanta INTERZISA in UE (Anexa II)
6-Methoxy-m-toluidine (p-Cresidine),-10,Substanta INTERZISA in UE (Anexa II)
"3-Ethyl-2-methyl-2-(3-methylbutyl)-1,3-oxazolidine",-10,Substanta INTERZISA in UE (Anexa II)
"A mixture of: 
1,3,5-Tris(3-Aminomethylphenyl)-1,3,5-(1H,3H,5H)-triazine-2,4,6-trione, and a mixture of oligomers of 
3,5-bis(3-Aminomethylphenyl)-1-poly[3,5-bis(3-aminomethylphenyl)-2,4,6-trioxo-1,3,5-(1H,3H,5H)-triazin-1-yl]-1,3,5-(1H,3H,5H)-triazine-2,4,6-trione",-10,Substanta INTERZISA in UE (Anexa II)
2-Nitrotoluene,-10,Substanta INTERZISA in UE (Anexa II)
Tributyl phosphate,-10,Substanta INTERZISA in UE (Anexa II)
Naphthalene,-10,Substanta INTERZISA in UE (Anexa II)
"Nonylphenol [1]; 4-Nonylphenol, branched [2]",-10,Substanta INTERZISA in UE (Anexa II)
"1,1,2-Trichloroethane",-10,Substanta INTERZISA in UE (Anexa II)
Moved or deleted,-10,Substanta INTERZISA in UE (Anexa II)
Moved or deleted,-10,Substanta INTERZISA in UE (Anexa II)
Allyl chloride (3-Chloropropene),-10,Substanta INTERZISA in UE (Anexa II)
"1,4-Dichlorobenzene (p-Dichlorobenzene)",-10,Substanta INTERZISA in UE (Anexa II)
Bis(2-chloroethyl) ether,-10,Substanta INTERZISA in UE (Anexa II)
Phenol,-10,Substanta INTERZISA in UE (Anexa II)
"Bisphenol A (4,4'-Isopropylidenediphenol)",-10,Substanta INTERZISA in UE (Anexa II)
"Trioxymethylene (1,3,5-Trioxan)",-10,Substanta INTERZISA in UE (Anexa II)
Propargite (ISO),-10,Substanta INTERZISA in UE (Anexa II)
1-Chloro-4-nitrobenzene,-10,Substanta INTERZISA in UE (Anexa II)
Molinate (ISO),-10,Substanta INTERZISA in UE (Anexa II)
Fenpropimorph (ISO),-10,Substanta INTERZISA in UE (Anexa II)
Moved or deleted,-10,Substanta INTERZISA in UE (Anexa II)
Methyl isocyanate,-10,Substanta INTERZISA in UE (Anexa II)
"N,N-Dimethylanilinium tetrakis(pentafluorophenyl)borate",-10,Substanta INTERZISA in UE (Anexa II)
"O,O'-(Ethenylmethylsilylenedi[(4-methylpentan-2-one)oxime]",-10,Substanta INTERZISA in UE (Anexa II)
"A 2:1 mixture of: 
4-(7-Hydroxy-2,4,4-trimethyl-2-chromanyl)resorcinol-4-yl-tris(6-diazo-5,6-dihydro-5-oxonaphthalene-1-sulfonate), and 
4-(7-Hydroxy-2,4,4-trimethyl-2-chromanyl)resorcinolbis(6-diazo-5,6-dihydro-5-oxonaphthalene-1-sulfonate)",-10,Substanta INTERZISA in UE (Anexa II)
"A mixture of:
Reaction product of 4,4'-methylenebis[2-(4-hydroxybenzyl)-3,6-dimethylphenol] and 6-diazo-5,6-dihydro-5-oxo-naphthalenesulfonate (1:2), and 
reaction product of 4,4'-methylenebis[2-(4-hydroxybenzyl)-3,6-dimethylphenol] and 6-diazo-5,6-dihydro-5-oxo-naphthalenesulfonate (1:3)",-10,Substanta INTERZISA in UE (Anexa II)
Malachite green hydrochloride [1]; Malachite green oxalate [2],-10,Substanta INTERZISA in UE (Anexa II)
"1-(4-Chlorophenyl)-4,4-dimethyl-3-(1,2,4-triazol-1-ylmethyl)pentan-3-ol",-10,Substanta INTERZISA in UE (Anexa II)
"5-(3-Butyryl-2,4,6-trimethylphenyl)-2-[1-(ethoxyimino)propyl]-3-hydroxycyclohex-2-en-1-one",-10,Substanta INTERZISA in UE (Anexa II)
trans-4-Phenyl-L-proline,-10,Substanta INTERZISA in UE (Anexa II)
Moved or deleted,-10,Substanta INTERZISA in UE (Anexa II)
"A mixture of: 
5-[(4-[(7-Amino-1-hydroxy-3-sulfo-2-naphthyl)azo]-2,5-diethoxyphenyl)azo]-2-[(3-phosphonophenyl)azo]benzoic acid, and 
5-[(4-[(7-amino-1-hydroxy-3-sulfo-2-naphthyl)azo]-2,5-diethoxyphenyl)azo]-3-[(3-phosphonophenyl)azo]benzoic acid",-10,Substanta INTERZISA in UE (Anexa II)
"2-{4-(2-Ammoniopropylamino)-6-[4-hydroxy-3-(5-methyl-2-methoxy-4-sulfamoylphenylazo)-2-sulfonatonaphth-7-ylamino]-1,3,5-triazin-2-ylamino}-2-aminopropyl formate",-10,Substanta INTERZISA in UE (Anexa II)
5-Nitro-o-toluidine [1]; 5-Nitro-o-toluidine hydrochloride [2],-10,Substanta INTERZISA in UE (Anexa II)
1-(1-Naphthylmethyl)quinolinium chloride,-10,Substanta INTERZISA in UE (Anexa II)
(R)-5-Bromo-3-(1-methyl-2-pyrrolidinylmethyl)-1H-indole,-10,Substanta INTERZISA in UE (Anexa II)
Pymetrozine (ISO),-10,Substanta INTERZISA in UE (Anexa II)
Oxadiargyl (ISO),-10,Substanta INTERZISA in UE (Anexa II)
"Chlorotoluron; (3-(3-Chloro-p-tolyl)-1,1-dimethylurea)",-10,Substanta INTERZISA in UE (Anexa II)
N-[2-(3-Acetyl-5-nitrothiophen-2-ylazo)-5-diethylaminophenyl]acetamide,-10,Substanta INTERZISA in UE (Anexa II)
"1,3-Bis(vinylsulfonylacetamido)propane",-10,Substanta INTERZISA in UE (Anexa II)
p-Phenetidine (4-Ethoxyaniline),-10,Substanta INTERZISA in UE (Anexa II)
m-Phenylenediamine and its salts,-10,Substanta INTERZISA in UE (Anexa II)
"Residues (coal tar), creosote oil distn., if it contains > 0.005 % w/w benzo[a]pyrene",-10,Substanta INTERZISA in UE (Anexa II)
"Creosote oil, acenaphthene fraction, wash oil, if it contains > 0.005 % w/w benzo[a]pyrene",-10,Substanta INTERZISA in UE (Anexa II)
"Creosote oil, if it contains > 0.005 % w/w benzo[a]pyrene",-10,Substanta INTERZISA in UE (Anexa II)
"Creosote, if it contains > 0.005 % w/w benzo[a]pyrene",-10,Substanta INTERZISA in UE (Anexa II)
"Creosote oil, high-boiling distillate, wash oil, if it contains > 0.005 % w/w benzo[a]pyrene",-10,Substanta INTERZISA in UE (Anexa II)
"Extract residues (coal), creosote oil acid, wash oil extract residue",-10,Substanta INTERZISA in UE (Anexa II)
"Creosote oil, low-boiling distillate, wash oil, if it contains > 0.005 % w/w benzo[a]pyrene",-10,Substanta INTERZISA in UE (Anexa II)
"6-Methoxy-2,3-pyridinediamine and its HCl salt, when used as a substance in hair dye products",-10,Substanta INTERZISA in UE (Anexa II)
"2,3-Naphthalenediol, when used as a substance in hair dye products",-10,Substanta INTERZISA in UE (Anexa II)
"2,4-Diaminodiphenylamine, when used as a substance in hair dye products",-10,Substanta INTERZISA in UE (Anexa II)
"2,6-Bis(2-hydroxyethoxy)-3,5-pyridinediamine and its HCl salt, when used as a substance in hair dye products",-10,Substanta INTERZISA in UE (Anexa II)
"2-Methoxymethyl-p-aminophenol and its HCl salt, when used as a substance in hair dye products",-10,Substanta INTERZISA in UE (Anexa II)
"4,5-Diamino-1-methylpyrazole and its HCl salt, when used as a substance in hair dye products",-10,Substanta INTERZISA in UE (Anexa II)
"4,5-Diamino-1-((4-chlorophenyl)methyl)-1H-pyrazole sulfate, when used as a substance in hair dye products",-10,Substanta INTERZISA in UE (Anexa II)
"4-Chloro-2-aminophenol, when used as a substance in hair dye products",-10,Substanta INTERZISA in UE (Anexa II)
"4-Hydroxyindole, when used as a substance in hair dye products",-10,Substanta INTERZISA in UE (Anexa II)
"4-Methoxytoluene-2,5-diamine and its HCl salt, when used as a substance in hair dye products",-10,Substanta INTERZISA in UE (Anexa II)
"5-Amino-4-fluoro-2-methylphenol sulfate, when used as a substance in hair dye products",-10,Substanta INTERZISA in UE (Anexa II)
"N,N-Diethyl-m-aminophenol, when used as a substance in hair dye products",-10,Substanta INTERZISA in UE (Anexa II)
"N,N-Dimethyl-2,6-pyridinediamine and its HCl salt, when used as a substance in hair dye products",-10,Substanta INTERZISA in UE (Anexa II)
"N-Cyclopentyl-m-aminophenol, when used as a substance in hair dye products",-10,Substanta INTERZISA in UE (Anexa II)
"N-(2-Methoxyethyl)-p-phenylenediamine and its HCl salt, when used as a substance in hair dye products",-10,Substanta INTERZISA in UE (Anexa II)
"2,4-Diamino-5-methylphenetol and its HCl salt, when used as a substance in hair dye products",-10,Substanta INTERZISA in UE (Anexa II)
"1,7-Naphthalenediol, when used as a substance in hair dye products",-10,Substanta INTERZISA in UE (Anexa II)
"3,4-Diaminobenzoic acid, when used as a substance in hair dye products",-10,Substanta INTERZISA in UE (Anexa II)
"2-Aminomethyl-p-aminophenol and its HCl salts, when used as a substance in hair dye products",-10,Substanta INTERZISA in UE (Anexa II)
"Solvent Red 1 (CI 12150), when used as a substance in hair dye products",-10,Substanta INTERZISA in UE (Anexa II)
"Acid Orange 24 (CI 20170), when used as a substance in hair dye products",-10,Substanta INTERZISA in UE (Anexa II)
"Acid Red 73 (CI 27290), when used as a substance in hair dye products",-10,Substanta INTERZISA in UE (Anexa II)
"PEG-3,2',2'-di-p-phenylenediamine",-10,Substanta INTERZISA in UE (Anexa II)
6-Nitro-o-toluidine,-10,Substanta INTERZISA in UE (Anexa II)
HC Yellow No 11,-10,Substanta INTERZISA in UE (Anexa II)
HC Orange No 3,-10,Substanta INTERZISA in UE (Anexa II)
HC Green No 1,-10,Substanta INTERZISA in UE (Anexa II)
HC Red No 8 and its salts,-10,Substanta INTERZISA in UE (Anexa II)
Tetrahydro-6-nitroquinoxaline and its salts,-10,Substanta INTERZISA in UE (Anexa II)
"Disperse Red 15, except as impurity in Disperse Violet 1",-10,Substanta INTERZISA in UE (Anexa II)
4-Amino-3-fluorophenol,-10,Substanta INTERZISA in UE (Anexa II)
"N,N'-Dihexadecyl-N,N'-bis(2-hydroxyethyl)propanediamide; Bishydroxyethyl Biscetyl Malonamide",-10,Substanta INTERZISA in UE (Anexa II)
"1-Methyl-2,4,5-trihydroxybenzene and its salts, when used as a substance in hair dye products",-10,Substanta INTERZISA in UE (Anexa II)
"2,6-Dihydroxy-4-methylpyridine and its salts, when used as a substance in hair dye products",-10,Substanta INTERZISA in UE (Anexa II)
"5-Hydroxy-1,4-benzodioxane and its salts, when used as a substance in hair dye products",-10,Substanta INTERZISA in UE (Anexa II)
"3,4-Methylenedioxyphenol and its salts, when used as a substance in hair dye products",-10,Substanta INTERZISA in UE (Anexa II)
"3,4-Methylenedioxyaniline and its salts, when used as a substance in hair dye products",-10,Substanta INTERZISA in UE (Anexa II)
"Hydroxypyridinone and its salts, when used as a substance in hair dye products",-10,Substanta INTERZISA in UE (Anexa II)
"3-Nitro-4-aminophenoxyethanol and its salts, when used as a substance in hair dye products",-10,Substanta INTERZISA in UE (Anexa II)
"2-Methoxy-4-nitrophenol (4-Nitroguaiacol) and its salts, when used as a substance in hair dye products",-10,Substanta INTERZISA in UE (Anexa II)
"CI Acid Black 131 and its salts, when used as a substance in hair dye products",-10,Substanta INTERZISA in UE (Anexa II)
"1,3,5-Trihydroxybenzene (Phloroglucinol) and its salts, when used as a substance in hair dye products",-10,Substanta INTERZISA in UE (Anexa II)
"1,2,4-Benzenetriacetate and its salts, when used as a substance in hair dye products",-10,Substanta INTERZISA in UE (Anexa II)
"Ethanol, 2,2'-iminobis-, reaction products with epichlorohydrin and 2-nitro-1,4-benzenediamine (HC Blue No 5) and its salts, when used as a substance in hair dye products",-10,Substanta INTERZISA in UE (Anexa II)
"N-Methyl-1,4-diaminoanthraquinone, reaction products with epichlorohydrin and monoethanolamine (HC Blue No 4) and its salts, when used as a substance in hair dye products",-10,Substanta INTERZISA in UE (Anexa II)
"4-Aminobenzenesulfonic acid (Sulfanilic acid) and its salts, when used as a substance in hair dye products",-10,Substanta INTERZISA in UE (Anexa II)
"3,3'-(Sulfonylbis(2-nitro-4,1-phenylene)imino)bis(6-(phenylamino))benzenesulfonic acid and its salts, when used as a substance in hair dye products",-10,Substanta INTERZISA in UE (Anexa II)
"3(or5)-((4-(Benzylmethylamino)phenyl)azo)-1,2-(or1,4)-dimethyl-1H-1,2,4-triazolium and its salts, when used as a substance in hair dye products",-10,Substanta INTERZISA in UE (Anexa II)
"2,2'-((3-Chloro-4-((2,6-dichloro-4-nitrophenyl)azo)phenyl)imino)bisethanol (Disperse Brown 1) and its salts, when used as a substance in hair dye products",-10,Substanta INTERZISA in UE (Anexa II)
"Benzothiazolium, 2-[[4-[ethyl(2-hydroxyethyl)amino]phenyl]azo]-6-methoxy-3-methyl- and its salts, when used as a substance in hair dye products",-10,Substanta INTERZISA in UE (Anexa II)
"2-[(4-Chloro-2-nitrophenyl)azo)-N-(2-methoxyphenyl)-3-oxobutanamide (Pigment Yellow 73) and its salts, when used as a substance in hair dye products",-10,Substanta INTERZISA in UE (Anexa II)
"2,2'-[(3,3'-dichloro[1,1'-biphenyl]-4,4'-diyl)bis(azo)]bis[3-oxo-N-phenylbutanamide] (Pigment Yellow 12) and its salts, when used as a substance in hair dye products",-10,Substanta INTERZISA in UE (Anexa II)
"2,2'-(1,2-Ethenediyl)bis[5-((4-ethoxyphenyl)azo]benzenesulfonic acid) and its salts, when used as a substance in hair dye products",-10,Substanta INTERZISA in UE (Anexa II)
"2,3-Dihydro-2,2-dimethyl-6-[(4-(phenylazo)-1-naphthelenyl)azo]-1H-pyrimidine (Solvent Black 3) and its salts, when used as a substance in hair dye products",-10,Substanta INTERZISA in UE (Anexa II)
"3(or5)-[[4-[(7-amino-1-hydroxy-3-sulphonato-2-naphthyl)azo]-1-naphthyl]azo]salicylic acid and its salts, when used as a substance in hair dye products",-10,Substanta INTERZISA in UE (Anexa II)
"2-Naphthalenesulfonic acid, 7-(benzoylamino)-4-hydroxy-3-[[4-[(4-sulfophenyl)azo]phenyl]azo]- and its salts, when used as a substance in hair dye products",-10,Substanta INTERZISA in UE (Anexa II)
"(micro-((7,7'-Iminobis(4-hydroxy-3-((2-hydroxy-5-(N-methylsulphamoyl)phenyl)azo)naphthalene-2-sulphonato))(6-)))dicuprate and its salts, when used as a substance in hair dye products",-10,Substanta INTERZISA in UE (Anexa II)
"3-[(4-(Acetylamino)phenyl)azo]-4-hydroxy-7-[[[[5-hydroxy-6-(phenylazo)-7-sulfo-2-naphthalenyl]amino]carbonyl]amino]-2-naphthalenesulfonic acid and its salts, when used as a substance in hair dye products",-10,Substanta INTERZISA in UE (Anexa II)
"2-Naphthalenesulfonic acid, 7,7'-(carbonyldiimino)bis(4-hydroxy-3-[[2-sulfo-4-[(4-sulfophenyl)azo]phenyl]azo]-, and its salts, when used as a substance in hair dye products",-10,Substanta INTERZISA in UE (Anexa II)
"Ethanaminium, N-(4-[bis[4-(diethylamino)phenyl]methylene]-2,5-cyclohexadien-1-ylidine)-N-ethyl- and its salts, when used as a substance in hair dye products",-10,Substanta INTERZISA in UE (Anexa II)
"3H-Indolium, 2-[[(4-methoxyphenyl)methylhydrazono]methyl]-1,3,3-trimethyl- and its salts, when used as a substance in hair dye products",-10,Substanta INTERZISA in UE (Anexa II)
"3H-Indolium, 2-(2-((2,4-dimethoxyphenyl)amino)ethenyl]-1,3,3-trimethyl- and its salts, when used as a substance in hair dye products",-10,Substanta INTERZISA in UE (Anexa II)
"Nigrosine spirit soluble (Solvent Black 5) and its salts, when used as a substance in hair dye products",-10,Substanta INTERZISA in UE (Anexa II)
"Phenoxazin-5-ium, 3,7-bis(diethylamino)-, and its salts, when used as a substance in hair dye products",-10,Substanta INTERZISA in UE (Anexa II)
"Benzo[a]phenoxazin-7-ium, 9-(dimethylamino)-, and its salts, when used as a substance in hair dye products",-10,Substanta INTERZISA in UE (Anexa II)
"6-Amino-2-((2,4-dimethylphenyl)-1H-benz[de]isoquinoline-1,3(2H)-dione (Solvent Yellow 44) and its salts, when used as a substance in hair dye products",-10,Substanta INTERZISA in UE (Anexa II)
"1-Amino-4-[[4-[(dimethylamino)methyl]phenyl]amino]anthraquinone and its salts, when used as a substance in hair dye products",-10,Substanta INTERZISA in UE (Anexa II)
"Laccaic acid (CI Natural Red 25) and its salts, when used as a substance in hair dye products",-10,Substanta INTERZISA in UE (Anexa II)
"Benzenesulfonic acid, 5-[(2,4-dinitrophenyl]amino]-2-(phenylamino)-, and its salts, when used as a substance in hair dye products",-10,Substanta INTERZISA in UE (Anexa II)
"4-[(4-Nitrophenyl)azo]aniline (Disperse Orange 3) and its salts, when used as a substance in hair dye products",-10,Substanta INTERZISA in UE (Anexa II)
"4-Nitro-m-phenylenediamine and its salts, when used as a substance in hair dye products",-10,Substanta INTERZISA in UE (Anexa II)
"1-Amino-4-(methylamino)-9,10-anthracenedione (Disperse Violet 4) and its salts, when used as a substance in hair dye products",-10,Substanta INTERZISA in UE (Anexa II)
"N-Methyl-3-nitro-p-phenylenediamine and its salts, when used as a substance in hair dye products",-10,Substanta INTERZISA in UE (Anexa II)
"N1-(2-Hydroxyethyl)-4-nitro-o-phenylenediamine (HC Yellow No 5) and its salts, when used as a substance in hair dye products",-10,Substanta INTERZISA in UE (Anexa II)
"N1-(Tris(hydroxymethyl))methyl-4-nitro-1,2-phenylenediamine (HC Yellow No 3) and its salts, when used as a substance in hair dye products",-10,Substanta INTERZISA in UE (Anexa II)
"2-Nitro-N-hydroxyethyl-p-anisidine and its salts, when used as a substance in hair dye products",-10,Substanta INTERZISA in UE (Anexa II)
"N,N'-Dimethyl-N-hydroxyethyl-3-nitro-p-phenylenediamine and its salts, when used as a substance in hair dye products",-10,Substanta INTERZISA in UE (Anexa II)
"3-(N-Methyl-N-(4-methylamino-3-nitrophenyl)amino)propane-1,2-diol and its salts, when used as a substance in hair dye products",-10,Substanta INTERZISA in UE (Anexa II)
"4-Ethylamino-3-nitrobenzoic acid (N-Ethyl-3-Nitro PABA) and its salts, when used as a substance in hair dye products",-10,Substanta INTERZISA in UE (Anexa II)
"(8-[(4-Amino-2-nitrophenyl)azo]-7-hydroxy-2-naphthyl)trimethylammonium and its salts, (except Basic Red 118 as impurity in Basic brown 17), when used as a substance in hair dye products",-10,Substanta INTERZISA in UE (Anexa II)
"5-((4-(Dimethylamino)phenyl)azo)-1,4-dimethyl-1H-1,2,4-triazolium and its salts, when used as a substance in hair dye products",-10,Substanta INTERZISA in UE (Anexa II)
"m-Phenylenediamine, 4-(phenylazo)-, and its salts, when used as a substance in hair dye products",-10,Substanta INTERZISA in UE (Anexa II)
"1,3-Benzenediamine, 4-methyl-6-(phenylazo)- and its salts, when used as a substance in hair dye products",-10,Substanta INTERZISA in UE (Anexa II)
"2,7-Naphthalenedisulfonic acid, 5-(acetylamino)-4-hydroxy-3-((2-methylphenyl)azo)- and its salts, when used as a substance in hair dye products",-10,Substanta INTERZISA in UE (Anexa II)
"4,4'-[(4-Methyl-1,3-phenylene)bis(azo)]bis[6-methyl-1,3-benzenediamine] (Basic Brown 4) and its salts, when used as a substance in hair dye products",-10,Substanta INTERZISA in UE (Anexa II)
"Benzenaminium, 3-[[(4-[[diamino(phenylazo)phenyl]azo]-2-methylphenyl]azo]-N,N,N-trimethyl- and its salts, when used as a substance in hair dye products",-10,Substanta INTERZISA in UE (Anexa II)
"Benzenaminium, 3-[[(4-[[diamino(phenylazo)phenyl]azo]-1-naphthalenyl]azo]-N,N,N-trimethyl- and its salts, when used as a substance in hair dye products",-10,Substanta INTERZISA in UE (Anexa II)
"Ethanaminium, N-(4-[(4-(diethylamino)phenyl)phenylmethylene]-2,5-cyclohexadien-1-ylidine)-N-ethyl- and its salts, when used as a substance in hair dye products",-10,Substanta INTERZISA in UE (Anexa II)
"9,10-Anthracenedione, 1-[(2-hydroxyethyl)amino]-4-(methylamino)-, and its derivatives and salts, when used as a substance in hair dye products",-10,Substanta INTERZISA in UE (Anexa II)
"1,4-Diamino-2-methoxy-9,10-anthracenedione (Disperse Red 11) and its salts, when used as a substance in hair dye products",-10,Substanta INTERZISA in UE (Anexa II)
"1,4-Dihydroxy-5,8-bis[(2-hydroxyethyl)amino]anthraquinone (Disperse Blue 7) and its salts, when used as a substance in hair dye products",-10,Substanta INTERZISA in UE (Anexa II)
"1-[(3-Aminopropyl)amino]-4-(methylamino)anthraquinone and its salts, when used as a substance in hair dye products",-10,Substanta INTERZISA in UE (Anexa II)
"N-[6-[(2-Chloro-4-hydroxyphenyl)imino]-4-methoxy-3-oxo-1,4-cyclohexadien-1-yl]acetamide (HC Yellow No 8) and its salts, when used as a substance in hair dye products",-10,Substanta INTERZISA in UE (Anexa II)
"[6-[[3-Chloro-4-(methylamino)phenyl]imino]-4-methyl-3-oxocyclohexa-1,4-dien-1-yl]urea (HC Red No 9) and its salts, when used as a substance in hair dye products",-10,Substanta INTERZISA in UE (Anexa II)
"Phenothiazin-5-ium, 3,7-bis(dimethylamino)- and its salts, when used as a substance in hair dye products",-10,Substanta INTERZISA in UE (Anexa II)
"4,6-Bis(2-hydroxyethoxy)-m-phenylenediamine and its salts, when used as a substance in hair dye products",-10,Substanta INTERZISA in UE (Anexa II)
"5-Amino-2,6-dimethoxy-3-hydroxypyridine and its salts, when used as a substance in hair dye products",-10,Substanta INTERZISA in UE (Anexa II)
"4,4'-Diaminodiphenylamine and its salts, when used as a substance in hair dye products",-10,Substanta INTERZISA in UE (Anexa II)
"4-Diethylamino-o-toluidine and its salts, when used as a substance in hair dye products",-10,Substanta INTERZISA in UE (Anexa II)
"N,N-Diethyl-p-phenylenediamine and its salts, when used as a substance in hair dye products",-10,Substanta INTERZISA in UE (Anexa II)
"N,N-Dimethyl-p-phenylenediamine and its salts, when used as a substance in hair dye products",-10,Substanta INTERZISA in UE (Anexa II)
"Toluene-3,4-diamine and its salts, when used as a substance in hair dye products",-10,Substanta INTERZISA in UE (Anexa II)
"2,4-Diamino-5-methylphenoxyethanol and its salts, when used as a substance in hair dye products",-10,Substanta INTERZISA in UE (Anexa II)
"6-Amino-o-cresol and its salts, when used as a substance in hair dye products",-10,Substanta INTERZISA in UE (Anexa II)
"Hydroxyethylaminomethyl-p-aminophenol and its salts, when used as a substance in hair dye products",-10,Substanta INTERZISA in UE (Anexa II)
"2-Amino-3-nitrophenol and its salts, when used as a substance in hair dye products",-10,Substanta INTERZISA in UE (Anexa II)
"2-Chloro-5-nitro-N-hydroxyethyl-p-phenylenediamine and its salts, when used as a substance in hair dye products",-10,Substanta INTERZISA in UE (Anexa II)
"2-Nitro-p-phenylenediamine and its salts, when used as a substance in hair dye products",-10,Substanta INTERZISA in UE (Anexa II)
"Hydroxyethyl-2,6-dinitro-p-anisidine and its salts, when used as a substance in hair dye products",-10,Substanta INTERZISA in UE (Anexa II)
"6-Nitro-2,5-pyridinediamine and its salts, when used as a substance in hair dye products",-10,Substanta INTERZISA in UE (Anexa II)
"Phenazinium, 3,7-diamino-2,8-dimethyl-5-phenyl- and its salts, when used as a substance in hair dye products",-10,Substanta INTERZISA in UE (Anexa II)
"3-Hydroxy-4-[(2-hydroxynaphthyl)azo]-7-nitronaphthalene-1-sulphonic acid and its salts, when used as a substance in hair dye products",-10,Substanta INTERZISA in UE (Anexa II)
"3-[(2-nitro-4-(trifluoromethyl)phenyl)amino]propane-1,2-diol (HC Yellow No 6) and its salts, when used as a substance in hair dye products",-10,Substanta INTERZISA in UE (Anexa II)
"2-[(4-Chloro-2-nitrophenyl)amino]ethanol (HC Yellow No 12) and its salts, when used as a substance in hair dye products",-10,Substanta INTERZISA in UE (Anexa II)
"3-[[4-[(2-Hydroxyethyl)methylamino]-2-nitrophenyl]amino]-1,2-propanediol and its salts, when used as a substance in hair dye products",-10,Substanta INTERZISA in UE (Anexa II)
"3-[[4-[Ethyl(2-Hydroxyethyl)Amino]-2-Nitrophe nyl]Amino]-1,2-Propanediol and its salts, when used as a substance in hair dye products.",-10,Substanta INTERZISA in UE (Anexa II)
"Ethanaminium, N-[4-[[4-(diethylamino)phenyl][4-(ethylamino)-1-naphthalenyl]methylene]-2,5-cyclohexadien-1-ylidine]-N-ethyl-, and its salts, when used as a substance in hair dye products",-10,Substanta INTERZISA in UE (Anexa II)
"4-[(4-Aminophenyl)(4-iminocyclohexa-2,5-dien-1-ylidene)methyl]-o-toluidine (CAS 3248-93-9; EINECS 221-832-2) and its hydrochloride salt (Basic Violet 14; CI 42510) (CAS 632-99-5; EINECS 211-189-6) when used as a substance in hair dye products",-10,Substanta INTERZISA in UE (Anexa II)
"4-(2,4-Dihydroxyphenylazo)benzensulphonic acid (CAS 2050-34-2; EINECS 218-087-0) and its sodium salt (Acid Orange 6; CI 14270) (CAS 547-57-9; EINECS 208-924-8) when used as substance in hair dye products",-10,Substanta INTERZISA in UE (Anexa II)
3-Hydroxy-4-(phenylazo)-2-naphthoic acid and its calcium salt (Pigment Red 64:1; CI 15800)  when used as a substance in hair dye products,-10,Substanta INTERZISA in UE (Anexa II)
"2-(6-Hydroxy-3-oxo-(3H)xanthen-9-yl)benzoic acid; Fluorescein and its disodium salt (Acid Yellow 73 sodium salt; CI 45350), when used as a substance in hair dye products",-10,Substanta INTERZISA in UE (Anexa II)
"4',5'-Dibromo-3',6'-dihydroxyspiro[isobenzofuran-1(3H),9'-[9H]xanthene]-3-one; 4',5'-Dibromofluorescein; (Solvent Red 72)  and its disodium salt (CI 45370)  when used as a substance in hair dye products",-10,Substanta INTERZISA in UE (Anexa II)
"2-(3,6-Dihydroxy-2,4,5,7-tetrabromoxanthen-9-yl)benzoic acid; Fluorescein, 2',4',5',7'-tetrabromo-;(Solvent Red 43), its disodium salt (Acid Red 87; CI 45380) and its aluminium salt (Pigment Red 90:1 Aluminium lake) when used as a substance in hair dye products",-10,Substanta INTERZISA in UE (Anexa II)
"Xanthylium, 9-(2-carboxyphenyl)-3-((2-methylphenyl)amino)-6-((2-methyl-4-sulfophenyl)amino)-, inner salt and its sodium salt (Acid Violet 9; CI 45190) when used as a substance in hair dye products",-10,Substanta INTERZISA in UE (Anexa II)
"3',6'-Dihydroxy-4',5'-diiodospiro(isobenzofuran-1(3H),9'-[9H]xanthene)-3-one; (Solvent Red 73) and its sodium salt (Acid Red 95; CI 45425) when used as a substance in hair dye products",-10,Substanta INTERZISA in UE (Anexa II)
"2',4',5',7'-Tetraiodofluorescein, its disodium salt (Acid Red 51; CI 45430) and its aluminium salt (Pigment Red 172 Aluminium lake) when used as a substance in hair dye products",-10,Substanta INTERZISA in UE (Anexa II)
"1-Hydroxy-2,4-diaminobenzene (2,4-Diaminophenol) and its dihydrochloride salts (2,4-Diaminophenol HCl) when used as a substance in hair dye products",-10,Substanta INTERZISA in UE (Anexa II)
"1,4-Dihydroxybenzene (Hydroquinone), with the exception of entry 14 in Annex III",-10,Substanta INTERZISA in UE (Anexa II)
"[4-[[4-Anilino-1-naphthyl][4-(dimethylamino)phenyl]methylene]cyclohexa-2,5-dien-1-ylidene]dimethylammonium chloride (Basic Blue 26; CI 44045) when used as a substance in hair dye products",-10,Substanta INTERZISA in UE (Anexa II)
"Disodium 3-[(2,4-dimethyl-5-sulphonatophenyl)azo]-4-hydroxynaphthalene-1-sulphonate (Ponceaux SX; CI 14700) when used as a substance in hair dye products",-10,Substanta INTERZISA in UE (Anexa II)
"Trisodium tris[5,6-dihydro-5-(hydroxyimino)-6-oxonaphthalene-2-sulphonate(2-)-N5,O6]ferrate(3-); (Acid Green 1; CI 10020) when used as a substance in hair dye products",-10,Substanta INTERZISA in UE (Anexa II)
"4-(Phenylazo)resorcinol (Solvent Orange 1; CI 11920) and its salts, when used as a substance in hair dye products",-10,Substanta INTERZISA in UE (Anexa II)
"4-[(4-Ethoxyphenyl)azo]naphthol (Solvent Red 3; CI 12010) and its salts, when used as a substance in hair dye products",-10,Substanta INTERZISA in UE (Anexa II)
1-[(2-Chloro-4-nitrophenyl)azo]-2-naphthol (Pigment Red 4; CI 12085) and its salts when used as a substance in hair dye products,-10,Substanta INTERZISA in UE (Anexa II)
"3-Hydroxy-N-(o-tolyl)-4-[(2,4,5-trichlorophenyl)azo]naphthalene-2-carboxamide (Pigment Red 112; CI 12370) and its salts when used as a substance in hair dye products",-10,Substanta INTERZISA in UE (Anexa II)
"N-(5-Chloro-2,4-dimethoxyphenyl)-4-[[5-[(diethylamino)sulphonyl]-2-methoxyphenyl]azo]-3-hydroxynaphthalene-2-carboxamide (Pigment Red 5; CI 12490) and its salts when used as a substance in hair dye products",-10,Substanta INTERZISA in UE (Anexa II)
Disodium 4-[(5-chloro-4-methyl-2-sulphonatophenyl)azo]-3-hydroxy-2-naphthoate (Pigment Red 48; CI 15865) when used as a substance in hair dye products,-10,Substanta INTERZISA in UE (Anexa II)
Calcium 3-hydroxy-4-[(1-sulphonato-2-naphthyl)azo]-2-naphthoate (Pigment Red 63:1; CI 15880) when used as a substance in hair dye products,-10,Substanta INTERZISA in UE (Anexa II)
"Trisodium 3-hydroxy-4-(4'-sulphonatonaphthylazo)naphthalene-2,7-disulphonate (Acid Red 27; CI 16185) when used as a substance in hair dye products",-10,Substanta INTERZISA in UE (Anexa II)
"2,2'-[(3,3'-Dichloro[1,1'-biphenyl]-4,4'-diyl)bis(azo)]bis[N-(2,4-dimethylphenyl)-3-oxobutyramide] (Pigment Yellow 13; CI 21100) when used as a substance in hair dye products",-10,Substanta INTERZISA in UE (Anexa II)
"2,2'-[Cyclohexylidenebis[(2-methyl-4,1-phenylene)azo]]bis[4-cyclohexylphenol] (Solvent Yellow 29; CI 21230) when used as a substance in hair dye products",-10,Substanta INTERZISA in UE (Anexa II)
1-((4-Phenylazo)phenylazo)-2-naphthol (Solvent Red 23; CI 26100) when used as a substance in hair dye products,-10,Substanta INTERZISA in UE (Anexa II)
"Tetrasodium 6-amino-4-hydroxy-3-[[7-sulphonato-4-[(4-sulphonatophenyl)azo]-1-naphthyl]azo]naphthalene-2,7-disulphonate (Food Black 2; CI 27755) when used as a substance in hair dye products",-10,Substanta INTERZISA in UE (Anexa II)
"Ethanaminium, N-(4-((4-diethylamino)phenyl)(2,4-disulfophenyl)methylene)-2,5-cyclohexadien-1-ylidene)-N-ethyl-, hydroxide, inner salt, sodium salt (Acid Blue 1; CI 42045) when used as a substance in hair dye products",-10,Substanta INTERZISA in UE (Anexa II)
"Ethanaminium, N-(4-((4-diethylamino)phenyl)(5-hydroxy-2,4-disulfophenyl)methylene)-2,5-cyclohexadien-1-ylidene)-N-ethyl-, hydroxide, inner salt, calcium salt (2:1) (Acid Blue 3; CI 42051) when used as a substance in hair dye products",-10,Substanta INTERZISA in UE (Anexa II)
"Benzenemethanaminium, N-ethyl-N-(4-((4-(ethyl((3-sulfophenyl)methyl)amino)phenyl)(4-hydroxy-2-sulfophenyl)methylene)-2,5-cyclohexadien-1-ylidene)-3-sulfo-, hydroxide, inner salt, disodium salt (Fast Green FCF; CI 42053) when used as a substance in hair dye products",-10,Substanta INTERZISA in UE (Anexa II)
"1,3-Isobenzofurandione, reaction products with methylquinoline and quinoline (Solvent Yellow 33; CI 47000) when used as a substance in hair dye products",-10,Substanta INTERZISA in UE (Anexa II)
Nigrosine (CI 50420) when used as a substance in hair dye products,-10,Substanta INTERZISA in UE (Anexa II)
"8,18-Dichloro-5,15-diethyl-5,15-dihydrodiindolo[3,2-b:3',2'-m]triphenodioxazine (Pigment Violet 23; CI 51319) when used as a substance in hair dye products",-10,Substanta INTERZISA in UE (Anexa II)
"1,2-Dihydroxyanthraquinone (Pigment Red 83; CI 58000) when used as a substance in hair dye products",-10,Substanta INTERZISA in UE (Anexa II)
"Trisodium 8-hydroxypyrene-1,3,6-trisulphonate (Solvent Green 7; CI 59040) when used as a substance in hair dye products",-10,Substanta INTERZISA in UE (Anexa II)
1-Hydroxy-4-(p-toluidino)anthraquinone (Solvent Violet 13; CI 60725) when used as a substance in hair dye products,-10,Substanta INTERZISA in UE (Anexa II)
"1,4-bis(p-Tolylamino)anthraquinone (Solvent Green 3; CI 61565) when used as a substance in hair dye products",-10,Substanta INTERZISA in UE (Anexa II)
6-Chloro-2-(6-chloro-4-methyl-3-oxobenzo[b]thien-2(3H)-ylidene)-4-methylbenzo[b]thiophene-3(2H)-one (VAT Red 1; CI 73360) when used as a substance in hair dye products,-10,Substanta INTERZISA in UE (Anexa II)
"5,12-Dihydroquino[2,3-b]acridine-7,14-dione (Pigment Violet 19; CI 73900) when used as a substance in hair dye products",-10,Substanta INTERZISA in UE (Anexa II)
"(29H,31H-Phthalocyaninato(2-)-N29,N30,N31,N32)copper (Pigment Blue 15; CI 74160) when used as a substance in hair dye products",-10,Substanta INTERZISA in UE (Anexa II)
"Disodium [29H,31H-phthalocyaninedisulphonato(4-)-N29,N30,N31,N32]cuprate(2-) (Direct Blue 86; CI 74180) when used as a substance in hair dye products",-10,Substanta INTERZISA in UE (Anexa II)
Polychloro copper phthalocyanine (Pigment Green 7; CI 74260) when used as a substance in hair dye products,-10,Substanta INTERZISA in UE (Anexa II)
"Diethylene glycol (DEG); 2,2'-oxydiethanol for traces level, see Annex III",-10,Substanta INTERZISA in UE (Anexa II)
"Phytonadione [INCI], phytomenadione [INN]",-10,Substanta INTERZISA in UE (Anexa II)
2-aminophenol [1]; bis(2-hydroxyanilinium) sulfate [2]; 2-Aminophenol Hydrochloride [3],-10,Substanta INTERZISA in UE (Anexa II)
N-(2-Niro-4-aminophenyl)-allylamine (HC Red No 16) and its salts,-10,Substanta INTERZISA in UE (Anexa II)
Isopropyl 4-hydroxybenzoate (INCI: Isopropylparaben) Sodium salt or Sats of Isopropylparaben,-10,Substanta INTERZISA in UE (Anexa II)
Isobutyl 4-hydroxybenzoate (INCI: Isobutylparaben) /Sodium salt or Salts of Isobutylparaben,-10,Substanta INTERZISA in UE (Anexa II)
Phenyl 4-hydroxybenzoate (INCI: Phenylparaben),-10,Substanta INTERZISA in UE (Anexa II)
Benzyl 4-hydroxybenzoate (INCI: Benzylparaben),-10,Substanta INTERZISA in UE (Anexa II)
Pentyl 4-hydroxybenzoate (INCI: Pentylparaben),-10,Substanta INTERZISA in UE (Anexa II)
3-Benzylidene camphor,-10,Substanta INTERZISA in UE (Anexa II)
3 and 4-(4-Hydroxy-4-methylpentyl)cyclohex-3-ene-1-carbaldehyde,-10,Substanta INTERZISA in UE (Anexa II)
"2,6-Dihydroxy-4-methyl-benzaldehyde (atranol)",-10,Substanta INTERZISA in UE (Anexa II)
"3-Chloro-2,6-Dihydroxy-4-methyl-benzaldehyde (chloroatranol)(*)",-10,Substanta INTERZISA in UE (Anexa II)
"Tagetes erecta flower extract, Tagetes erecta flower oil",-10,Substanta INTERZISA in UE (Anexa II)
"2-chlorobenzene-1,4-diamine (2-Chloro-p-Phenylenediamine), its sulfate and dihydrochloride salts when used as a substance in hair dye products, including eyebrow dye products, and eyelash dye products",-10,Substanta INTERZISA in UE (Anexa II)
"Cis-1-(3-chloroallyl)-3,5,7- triaza-1-azoniaadamantane chloride (cis-CTAC)",-10,Substanta INTERZISA in UE (Anexa II)
"Cis-1-(3-chlorallyl)-3,5,7-triaza-1-azoniaadamantane chloride (cis-CTAC), quaternium-15",-10,Substanta INTERZISA in UE (Anexa II)
2-Chloracetamide,-10,Substanta INTERZISA in UE (Anexa II)
Octamethylcyclotetrasiloxane; D4,-10,Substanta INTERZISA in UE (Anexa II)
Dichloromethane; methylene chloride,-10,Substanta INTERZISA in UE (Anexa II)
"2,2'-((3,3',5,5'-Tetramethyl-(1,1'-biphenyl)-4,4'-diyl)-bis(oxymethylene))-bis-oxirane",-10,Substanta INTERZISA in UE (Anexa II)
Acetaldehyde; ethanal,-10,Substanta INTERZISA in UE (Anexa II)
"1-Cyclopropyl-6,7-difluoro-1,4-dihydro-4-oxoquinoline-3-carboxylic acid",-10,Substanta INTERZISA in UE (Anexa II)
N-Methyl-2-pyrrolidone; 1-methyl-2-pyrrolidone,-10,Substanta INTERZISA in UE (Anexa II)
Diboron trioxide; boric oxide,-10,Substanta INTERZISA in UE (Anexa II)
"Boric acid [1];
Boric acid [2]",-10,Substanta INTERZISA in UE (Anexa II)
"Borates, tetraborates, octaborates and boric acid salts and esters, including:
Disodium octaborate anhydrous [1]
Disodium octaborate tetrahydrate [2]
2-Aminoethanol, monoester with boric acid [3]
2-Hydroxypropyl ammonium dihydrogen orthoborate [4]
Potassium borate, boric acid potassium salt [5]
Trioctyldodecyl borate [6]
Zinc borate [7]
Sodium borate, disodium tetraborate anhydrous; boric acid, sodium salt [8]
Tetraboron disodium heptaoxide, hydrate [9]
Orthoboric acid, sodium salt [10]
Disodium tetraborate decahydrate; borax decahydrate [11]
Disodium tetraborate pentahydrate; borax pentahydrate [12]",-10,Substanta INTERZISA in UE (Anexa II)
"Perboric acid (H3BO2(O2)), monosodium salt trihydrate [1]
Perboric acid, sodium salt, tetrahydrate [2]
Perboric acid (HBO(O2)), sodium salt, tetrahydrate [3]
Sodium peroxoborate, hexahydrate [4]
Sodium perborate [5]
Sodium peroxometaborate; sodium peroxoborate [6]
Perboric acid, sodium salt [7]
Perboric acid, sodium salt, monohydrate [8]
Perboric acid (HBO(O2)), sodium salt, monohydrate [9]
Trimethyl borate [10]",-10,Substanta INTERZISA in UE (Anexa II)
Dibutyltin hydrogen borate,-10,Substanta INTERZISA in UE (Anexa II)
Nickel bis(tetrafluoroborate),-10,Substanta INTERZISA in UE (Anexa II)
Mancozeb (ISO); manganese ethylenebis(dithiocarbamate) (polymeric) complex with zinc salt,-10,Substanta INTERZISA in UE (Anexa II)
Maneb (ISO); manganese ethylenebis(dithiocarbamate) (polymeric),-10,Substanta INTERZISA in UE (Anexa II)
"Benfuracarb (ISO); ethyl N-[2,3-dihydro-2,2-dimethylbenzofuran-7-yloxycarbonyl(methyl)aminothio]-N-isopropyl- ß-alaninate",-10,Substanta INTERZISA in UE (Anexa II)
O-Isobutyl-N-ethoxy carbonylthiocarbamate,-10,Substanta INTERZISA in UE (Anexa II)
Chlorpropham (ISO); isopropyl 3-chlorocarbanilate,-10,Substanta INTERZISA in UE (Anexa II)
O-Hexyl-N-ethoxycarbonylthiocarbamate,-10,Substanta INTERZISA in UE (Anexa II)
Hydroxylammonium nitrate,-10,Substanta INTERZISA in UE (Anexa II)
(4-Ethoxyphenyl)(3-(4-fluoro-3-phenoxyphenyl)propyl)dimethylsilane,-10,Substanta INTERZISA in UE (Anexa II)
Phoxim (ISO); a-(diethoxy-phosphinothioylimino) phenylacetonitrile,-10,Substanta INTERZISA in UE (Anexa II)
Glufosinate ammonium (ISO); ammonium 2-amino-4-(hydroxymethylphosphinyl)butyrate,-10,Substanta INTERZISA in UE (Anexa II)
Reaction mass of: dimethyl (2-(hydroxymethylcarbamoyl)ethyl)phosphonate; diethyl (2-(hydroxymethylcarbamoyl)ethyl)phosphonate; methyl ethyl (2-(hydroxymethylcarbamoyl)ethyl)phosphonate,-10,Substanta INTERZISA in UE (Anexa II)
(4-Phenylbutyl)phosphinic acid,-10,Substanta INTERZISA in UE (Anexa II)
"Reaction mass of: 4,7-bis(mercaptomethyl)-3,6,9-trithia-1,11-undecanedithiol; 4,8-bis(mercaptomethyl)-3,6,9-trithia-1,11-undecanedithiol; 5,7-bis(mercaptomethyl)-3,6,9-trithia-1,11-undecanedithiol",-10,Substanta INTERZISA in UE (Anexa II)
Potassium titanium oxide (K2Ti6O13),-10,Substanta INTERZISA in UE (Anexa II)
Cobalt di(acetate),-10,Substanta INTERZISA in UE (Anexa II)
Cobalt dinitrate,-10,Substanta INTERZISA in UE (Anexa II)
Cobalt carbonate,-10,Substanta INTERZISA in UE (Anexa II)
Nickel dichloride,-10,Substanta INTERZISA in UE (Anexa II)
"Nickel dinitrate [1];
Nitric acid, nickel salt [2]",-10,Substanta INTERZISA in UE (Anexa II)
Nickel matte,-10,Substanta INTERZISA in UE (Anexa II)
"Slimes and sludges, copper electrolytic refining, decopperised, nickel sulfate",-10,Substanta INTERZISA in UE (Anexa II)
"Slimes and sludges, copper electrolyte refining, decopperised",-10,Substanta INTERZISA in UE (Anexa II)
"Nickel diperchlorate; perchloric acid, nickel(II) salt",-10,Substanta INTERZISA in UE (Anexa II)
"Nickel dipotassium bis(sulfate) [1];
Diammonium nickel bis(sulfate) [2]",-10,Substanta INTERZISA in UE (Anexa II)
Nickel bis(sulfamidate); nickel sulfamate,-10,Substanta INTERZISA in UE (Anexa II)
"Nickel diformate [1];
Formic acid, nickel salt [2];
Formic acid, copper nickel salt  [3]",-10,Substanta INTERZISA in UE (Anexa II)
"Nickel di(acetate) [1];
Nickel acetate [2]",-10,Substanta INTERZISA in UE (Anexa II)
Nickel dibenzoate,-10,Substanta INTERZISA in UE (Anexa II)
Nickel bis(4-cyclohexylbutyrate),-10,Substanta INTERZISA in UE (Anexa II)
Nickel(II) stearate; nickel(II) octadecanoate,-10,Substanta INTERZISA in UE (Anexa II)
Nickel dilactate,-10,Substanta INTERZISA in UE (Anexa II)
Nickel(II) octanoate,-10,Substanta INTERZISA in UE (Anexa II)
"Nickel difluoride [1];
Nickel dibromide [2];
Nickel diiodide [3];
Nickel potassium fluoride  [4]",-10,Substanta INTERZISA in UE (Anexa II)
Nickel hexafluorosilicate,-10,Substanta INTERZISA in UE (Anexa II)
Nickel selenate,-10,Substanta INTERZISA in UE (Anexa II)
"Nickel hydrogen phosphate [1];
Nickel bis(dihydrogen phosphate) [2];
Trinickel bis(orthophosphate) [3];
Dinickel diphosphate [4];
Nickel bis(phosphinate) [5];
Nickel phosphinate [6];
Phosphoric acid, calcium nickel salt [7];
Diphosphoric acid, nickel(II) salt  [8]",-10,Substanta INTERZISA in UE (Anexa II)
Diammonium nickel hexacyanoferrate,-10,Substanta INTERZISA in UE (Anexa II)
Nickel dicyanide,-10,Substanta INTERZISA in UE (Anexa II)
Nickel chromate,-10,Substanta INTERZISA in UE (Anexa II)
"Nickel(II) silicate [1];
Dinickel orthosilicate [2];
Nickel silicate (3:4) [3];
Silicic acid, nickel salt [4];
Trihydrogen hydroxybis[orthosilicato(4-)]trinickelate(3-)  [5]",-10,Substanta INTERZISA in UE (Anexa II)
Dinickel hexacyanoferrate,-10,Substanta INTERZISA in UE (Anexa II)
Trinickel bis(arsenate); nickel(II) arsenate,-10,Substanta INTERZISA in UE (Anexa II)
"Nickel oxalate [1];
Oxalic acid, nickel salt  [2]",-10,Substanta INTERZISA in UE (Anexa II)
Nickel telluride,-10,Substanta INTERZISA in UE (Anexa II)
Trinickel tetrasulfide,-10,Substanta INTERZISA in UE (Anexa II)
Trinickel bis(arsenite),-10,Substanta INTERZISA in UE (Anexa II)
"Cobalt nickel gray periclase; C.I. Pigment Black 25; C.I. 77332 [1];
Cobalt nickel dioxide [2];
Cobalt nickel oxide  [3];
Nickel arsenide [2]",-10,Substanta INTERZISA in UE (Anexa II)
Nickel tin trioxide; nickel stannate,-10,Substanta INTERZISA in UE (Anexa II)
Nickel triuranium decaoxide,-10,Substanta INTERZISA in UE (Anexa II)
Nickel dithiocyanate,-10,Substanta INTERZISA in UE (Anexa II)
Nickel dichromate,-10,Substanta INTERZISA in UE (Anexa II)
Nickel(II) selenite,-10,Substanta INTERZISA in UE (Anexa II)
Nickel selenide,-10,Substanta INTERZISA in UE (Anexa II)
"Silicic acid, lead nickel salt",-10,Substanta INTERZISA in UE (Anexa II)
Nickel diarsenide [1]; Nickel arsenide [2],-10,Substanta INTERZISA in UE (Anexa II)
Nickel barium titanium primrose priderite; C.I. Pigment Yellow 157; C.I. 77900,-10,Substanta INTERZISA in UE (Anexa II)
"Nickel dichlorate [1];
Nickel dibromate [2];
Ethyl hydrogen sulfate, nickel(II) salt [3]",-10,Substanta INTERZISA in UE (Anexa II)
"Nickel(II) trifluoroacetate; [1] Nickel(II) propionate; [2] Nickel bis(benzenesulfonate); [3] Nickel(II) hydrogen citrate; [4] Citric acid, ammonium nickel salt; [5] Citric acid, nickel salt; [6] Nickel bis(2-ethylhexanoate); [7] 2-Ethylhexanoic acid, Nickel salt; [8] Dimethylhexanoic acid nickel salt; [9] Nickel(II) isooctanoate; [10] Nickel isooctanoate; [11] Nickel bis(isononanoate); [12] Nickel(II) neononanoate; [13] Nickel(II) isodecanoate; [14] Nickel(II) neodecanoate; [15] Neodecanoic acid, nickel salt; [16] Nickel(II) neoundecanoate; [17] Bis(D-gluconato-O1,O2)nickel; [18] Nickel 3,5-bis(tert-butyl)-4-hydroxybenzoate (1:2); [19] Nickel(II) palmitate; [20] (2-Ethylhexanoato-O)(Isononanoato-O)nickel; [21] (Isononanoato-O)(Isooctanoato-O)nickel; [22] (Isooctanoato-O)(neodecanoato-O)nickel; [23] (2-Ethylhexanoato-O)(Isodecanoato-O)nickel; [24] (2-Ethylhexanoato-O)(Neodecanoato-O)nickel; [25] (Isodecanoato-O)(isooctanoato-O)nickel; [26] (Isodecanoato-O)(isononanoato-O)nickel; [27] (Isononanoato-O)(Neodecanoato-O)nickel; [28] fatty acids, C6-19-branched, nickel salts; [29] fatty acids, C8-18 and C18-unsaturated, nickel salts; [30] 2,7-Naphthalenedisulfonic acid, nickel(II) salt; [31]",-10,Substanta INTERZISA in UE (Anexa II)
Nickel(II) sulfite [1]; Nickel tellurium trioxide [2]; Nickel tellurium tetraoxide [3]; Molybdenum nickel hydroxide oxide phosphate [4],-10,Substanta INTERZISA in UE (Anexa II)
Nickel boride (NiB) [1]; Dinickel boride [2]; Trinickel boride [3]; Nickel boride [4]; Dinickel silicide [5]; Nickel disilicide [6];Dinickel phosphide [7]; Nickel boron phosphide [8],-10,Substanta INTERZISA in UE (Anexa II)
"Dialuminium nickel tetraoxide [1]; Nickel titanium trioxide [2]; Nickel titanium oxide [3]; Nickel divanadium hexaoxide [4]; Cobalt dimolybdenum nickel octaoxide [5]; Nickel zirkonium trioxide [6]; Molybdenum nickel tetraoxide [7]; Nickel tungsten tetraoxide [8]; Olivine, nickel green [9]; Lithium nickel dioxide [10]; Molybdenum nickel oxide [11]",-10,Substanta INTERZISA in UE (Anexa II)
Cobalt lithium nickel oxide,-10,Substanta INTERZISA in UE (Anexa II)
Molybdenum trioxide,-10,Substanta INTERZISA in UE (Anexa II)
Dibutyltin dichloride; (DBTC),-10,Substanta INTERZISA in UE (Anexa II)
"4,4'-Bis(N-carbamoyl-4-methylbenzenesulfonamide)diphenylmethane",-10,Substanta INTERZISA in UE (Anexa II)
Furfuryl alcohol,-10,Substanta INTERZISA in UE (Anexa II)
"1,2-Epoxy-4-epoxyethylcyclohexane; 4-vinylcyclohexene diepoxide",-10,Substanta INTERZISA in UE (Anexa II)
6-Glycidyloxynapht-1-yl oxymethyloxirane,-10,Substanta INTERZISA in UE (Anexa II)
2-(2-Aminoethylamino)ethanol; (AEEA),-10,Substanta INTERZISA in UE (Anexa II)
"1,2-Diethoxyethane",-10,Substanta INTERZISA in UE (Anexa II)
"2,3-Epoxypropyltrimethylammonium chloride; glycidyl trimethylammonium chloride",-10,Substanta INTERZISA in UE (Anexa II)
"1-(2-Amino-5-chlorophenyl)-2,2,2-trifluoro-1,1-ethanediol, hydrochloride",-10,Substanta INTERZISA in UE (Anexa II)
(E)-3-[1-[4-[2-(Dimethylamino)ethoxy]phenyl]-2-phenylbut-1-enyl]phenol,-10,Substanta INTERZISA in UE (Anexa II)
"4,4'-(1,3-Phenylene-bis(1-methylethylidene))bis-phenol",-10,Substanta INTERZISA in UE (Anexa II)
2-Chloro-6-fluoro-phenol,-10,Substanta INTERZISA in UE (Anexa II)
2-Methyl-5-tert-butylthiophenol,-10,Substanta INTERZISA in UE (Anexa II)
2-Butyryl-3-hydroxy-5-thiocyclohexan-3-yl-cyclohex-2-en-1-one,-10,Substanta INTERZISA in UE (Anexa II)
Profoxydim (ISO); 2-{(EZ)-1-[(2RS)-2-(4-chlorophenoxy)propoxyimino]butyl}-3-hydroxy-5-(thian-3-yl)cyclohex-2-en-1-one,-10,Substanta INTERZISA in UE (Anexa II)
Tepraloxydim (ISO); (RS)-(EZ)-2-{1-[(2E)-3-chloroallyloxyimino]propyl}-3-hydroxy-5-perhydropyran-4-ylcyclohex-2-en-1-one,-10,Substanta INTERZISA in UE (Anexa II)
"Cyclic 3-(1,2-ethanediylacetale)-estra-5(10),9(11)-diene-3,17-dione",-10,Substanta INTERZISA in UE (Anexa II)
"Androsta-1,4,9(11)-triene-3,17-dione",-10,Substanta INTERZISA in UE (Anexa II)
Reaction mass of: Ca salicylates (branched C10-14 and C18-30 alkylated); Ca phenates (branched C10-14 and C18-30 alkylated); Ca sulfurised phenates (branched C10-14 and C18-30 alkylated),-10,Substanta INTERZISA in UE (Anexa II)
"1,2-Benzenedicarboxylic acid; di-C6-8-branched alkylesters, C7-rich",-10,Substanta INTERZISA in UE (Anexa II)
"Reaction mass of: diester of 4,4'-methylenebis[2-(2-hydroxy-5-methylbenzyl)-3,6-dimethylphenol] and 6-diazo-5,6-dihydro-5-oxonaphthalene-1-sulfonic acid (1:2); triester of 4,4'-methylenebis[2-(2-hydroxy-5-methylbenzyl)-3,6-dimethylphenol] and 6-diazo-5,6-dihydro-5-oxonaphthalene-1-sulfonic acid (1:3)",-10,Substanta INTERZISA in UE (Anexa II)
"Diammonium 1-hydroxy-2-(4-(4-carboxyphenylazo)-2,5-dimethoxyphenylazo)-7-amino-3-naphthalenesulfonate",-10,Substanta INTERZISA in UE (Anexa II)
3-Oxoandrost-4-ene-17-ß-carboxylic acid,-10,Substanta INTERZISA in UE (Anexa II)
(Z)-2-Methoxymino-2-[2-(tritylamino)thiazol-4-yl]acetic acid,-10,Substanta INTERZISA in UE (Anexa II)
Trisodium nitrilotriacetate,-10,Substanta INTERZISA in UE (Anexa II)
2-Ethylhexyl-2-ethylhexanoate,-10,Substanta INTERZISA in UE (Anexa II)
Diisobutyl phthalate,-10,Substanta INTERZISA in UE (Anexa II)
"Perfluorooctane sulfonic acid; heptadecafluorooctane-1-sulfonic acid [1];
Potassium perfluorooctanesulfonate; potassium heptadecafluorooctane-1-sulfonate [2];
Diethanolamine perfluorooctane sulfonate [3];
Ammonium perfluorooctane sulfonate; ammonium heptadecafluorooctanesulfonate [4];
Lithium perfluorooctane sulfonate; lithium heptadecafluorooctanesulfonate  [5]",-10,Substanta INTERZISA in UE (Anexa II)
"Ethyl 1-(2,4-dichlorophenyl)5-(trichloromethyl)-1H-1,2,4-triazole-3-carboxylate",-10,Substanta INTERZISA in UE (Anexa II)
1-Bromo-2-methylpropyl propionate,-10,Substanta INTERZISA in UE (Anexa II)
Chloro-1-ethylcyclohexyl carbonate,-10,Substanta INTERZISA in UE (Anexa II)
"6,6'-Bis(diazo-5,5',6,6'-tetrahydro-5,5'-dioxo)[methylene-bis(5-(6-diazo-5,6-dihydro-5-oxo-1-naphthylsulphonyloxy)-6-methyl-2-phenylene]di(naphthalene-1-sulfonate)",-10,Substanta INTERZISA in UE (Anexa II)
"Trifluralin (ISO); a,a,a-trifluoro-2,6-dinitro-N,N-dipropyl-p-toluidine; 2,6-dinitro-N,N-dipropyl-4-trifluoromethylaniline; N,N-dipropyl-2,6-dinitro-4-trifluoromethylaniline",-10,Substanta INTERZISA in UE (Anexa II)
4-Mesyl-2-nitrotoluene,-10,Substanta INTERZISA in UE (Anexa II)
"Triammonium 4-[4-[7-(4-carboxylatoanilino)-1-hydroxy-3-sulfonato-2-naphthylazo]-2,5-dimethoxyphenylazo]benzoate",-10,Substanta INTERZISA in UE (Anexa II)
"Reaction mass of: triammonium 6-amino-3-((2,5-diethoxy-4-(3-phosphonophenyl)azo)phenyl)azo-4-hydroxy-2-naphthalenesulfonate; diammonium 3-((4-((7-amino-1-hydroxy-3-sulfo-naphthalen-2-yl)azo)-2,5-diethoxyphenyl)azo)benzoate",-10,Substanta INTERZISA in UE (Anexa II)
"N,N'-Diacetylbenzidine",-10,Substanta INTERZISA in UE (Anexa II)
Cyclohexylamine,-10,Substanta INTERZISA in UE (Anexa II)
Piperazine,-10,Substanta INTERZISA in UE (Anexa II)
Hydroxylamine,-10,Substanta INTERZISA in UE (Anexa II)
"Hydroxylammonium chloride; hydroxylamine hydrochloride [1];
Bis(hydroxylammonium) sulfate; hydroxylamine sulfate (2:1) [2]",-10,Substanta INTERZISA in UE (Anexa II)
"Diaminotoluene, methyl-phenylenediamine, technical product-reaction mass of [4-methyl-m-phenylenediamine and 2-methyl-m-phenylenediamine]",-10,Substanta INTERZISA in UE (Anexa II)
Mepanipyrim; 4-methyl-N-phenyl-6-(1-propynyl)-2-pyrimidinamine,-10,Substanta INTERZISA in UE (Anexa II)
"Hydroxylammonium hydrogensulfate; hydroxylamine sulfate(1:1) [1];
Hydroxylamine phosphate [2];
Hydroxylamine dihydrogenphosphate [3];
Hydroxylamine 4-methylbenzenesulfonate [4]",-10,Substanta INTERZISA in UE (Anexa II)
(3-Chloro-2-hydroxypropyl) trimethylammonium chloride,-10,Substanta INTERZISA in UE (Anexa II)
"Biphenyl-3,3',4,4'-tetrayltetraamine; diaminobenzidine",-10,Substanta INTERZISA in UE (Anexa II)
"Piperazine hydrochloride [1];
Piperazine dihydrochloride [2];
Piperazine phosphate [3]",-10,Substanta INTERZISA in UE (Anexa II)
3-(Piperazin-1-yl)-benzo[d]isothiazole hydrochloride,-10,Substanta INTERZISA in UE (Anexa II)
2-Ethylphenylhydrazine hydrochloride,-10,Substanta INTERZISA in UE (Anexa II)
(2-Chloroethyl)(3-hydroxypropyl)ammonium chloride,-10,Substanta INTERZISA in UE (Anexa II)
"4-[(3-Chlorophenyl)(1H-imidazol-1-yl)methyl]-1,2-benzenediamine dihydrochloride",-10,Substanta INTERZISA in UE (Anexa II)
"Chloro-N,N-dimethylformiminium chloride",-10,Substanta INTERZISA in UE (Anexa II)
7-Methoxy-6-(3-morpholin-4-yl-propoxy)-3H-quinazolin-4-one,-10,Substanta INTERZISA in UE (Anexa II)
Reaction products of diisopropanolamine with formaldehyde (1:4),-10,Substanta INTERZISA in UE (Anexa II)
3-Chloro-4-(3-fluorobenzyloxy)aniline,-10,Substanta INTERZISA in UE (Anexa II)
"Ethidium bromide; 3,8-diamino-1-ethyl-6-phenylphenantridinium bromide",-10,Substanta INTERZISA in UE (Anexa II)
"(R,S)-2-Amino-3,3-dimethylbutane amide",-10,Substanta INTERZISA in UE (Anexa II)
3-Amino-9-ethyl carbazole; 9-ethylcarbazol-3-ylamine,-10,Substanta INTERZISA in UE (Anexa II)
(6R-trans)-1-((7-Ammonio-2-carboxylato-8-oxo-5-thia-1-azabicyclo-[4.2.0]oct-2-en-3-yl)methyl)pyridinium iodide,-10,Substanta INTERZISA in UE (Anexa II)
Forchlorfenuron (ISO); 1-(2-chloro-4-pyridyl)-3-phenylurea,-10,Substanta INTERZISA in UE (Anexa II)
"Tetrahydro-1,3-dimethyl-1H-pyrimidin-2-one; dimethyl propyleneurea",-10,Substanta INTERZISA in UE (Anexa II)
Quinoline,-10,Substanta INTERZISA in UE (Anexa II)
"Ketoconazole; 1-[4-[4-[[(2SR,4RS)-2-(2,4-dichlorophenyl)-2-(imidazol-1-ylmethyl)-1,3-dioxolan-4-yl]methoxy]phenyl]piperazin-1-yl]ethanone",-10,Substanta INTERZISA in UE (Anexa II)
"Metconazole (ISO); (1RS,5RS;1RS,5SR)-5-(4-chlorobenzyl)-2,2-dimethyl-1-(1H-1,2,4-triazol-1-ylmethyl)cyclopentanol",-10,Substanta INTERZISA in UE (Anexa II)
Potassium 1-methyl-3-morpholinocarbonyl-4-[3-(1-methyl-3-morpholinocarbonyl-5-oxo-2-pyrazolin-4-ylidene)-1-propenyl]pyrazole-5-olate,-10,Substanta INTERZISA in UE (Anexa II)
"N,N',N''-Tris(2-methyl-2,3-epoxypropyl)-perhydro-2,4,6-oxo-1,3,5-triazine",-10,Substanta INTERZISA in UE (Anexa II)
Trimethylopropane tri(3-aziridinylpropanoate); (TAZ),-10,Substanta INTERZISA in UE (Anexa II)
"4,4'-Methylenediphenyl diisocyanate; diphenylmethane-4,4'-diisocyanate [1];
2,2'-Methylenediphenyl diisocyanate; diphenylmethane-2,2'-diisocyanate [2];
o-(p-Isocyanatobenzyl)phenyl isocyanate; diphenylmethane-2,4'-diisocyanate [3];
Methylenediphenyl diisocyanate [4]",-10,Substanta INTERZISA in UE (Anexa II)
"Cinidon ethyl (ISO); ethyl (Z)-2-chloro-3-[2-chloro-5-(cyclohex-1-ene-1,2-dicarboximido)phenyl]acrylate",-10,Substanta INTERZISA in UE (Anexa II)
"N-[6,9-Dihydro-9-[[2-hydroxy-1-(hydroxymethyl)ethoxy]methyl]-6-oxo-1H-purin-2-yl]acetamide",-10,Substanta INTERZISA in UE (Anexa II)
"Dimoxystrobin (ISO); (E)-2-(methoxyimino)-N-methyl-2-[a-(2,5-xylyloxy)-o-tolyl]acetamide",-10,Substanta INTERZISA in UE (Anexa II)
"N,N-(Dimethylamino)thioacetamide hydrochloride",-10,Substanta INTERZISA in UE (Anexa II)
"Reaction mass of: 2,2'-[(3,3'-dichloro[1,1'-biphenyl]-4,4'-diyl)bis(azo)]bis[N-(2,4-dimethylphenyl)]-3-oxo-butanamide; 2-[[3,3'-dichloro-4'-[[1[[(2,4-dimethylphenyl)amino]carbonyl]-2-oxopropyl]azo][1,1'-biphenyl]-4-yl]azo]-N-(2-methylphenyl)-3-oxo-butanamide; 2-[[3,3'-dichloro-4'-[[1[[(2,4-dimethylphenyl)amino]carbonyl]-2-oxopropyl]azo][1,1'- biphenyl]-4-yl]azo]-N-(2-carboxylphenyl)-3- oxo-butanamide",-10,Substanta INTERZISA in UE (Anexa II)
"Petroleum, coal, tar and natural gas and their derivatives generated using distillation and/or other processing methods if they contain = 0,1 % w/w benzene",-10,Substanta INTERZISA in UE (Anexa II)
"Petroleum, coal, tar and natural gas and their derivatives generated using distillation and/or other processing methods if they contain = 0,005 % w/w benzo[a]pyrene",-10,Substanta INTERZISA in UE (Anexa II)
"Petroleum, coal, tar and natural gas and their derivatives generated using distillation and/or other processing methods if they contain = 0,1 % w/w benzene or if they contain = 0,005 % w/w benzo[a]pyrene",-10,Substanta INTERZISA in UE (Anexa II)
"Petroleum, coal, tar and natural gas and their derivatives generated using distillation and/or other processing methods if they contain = 0,1 % w/w 1,3-butadiene",-10,Substanta INTERZISA in UE (Anexa II)
Tris[2-chloro-1-(chloromethyl)ethyl] phosphate,-10,Substanta INTERZISA in UE (Anexa II)
Indium phosphide,-10,Substanta INTERZISA in UE (Anexa II)
Trixylyl phosphate,-10,Substanta INTERZISA in UE (Anexa II)
"Hexabromocyclododecane [1];
1,2,5,6,9,10-Hexabromocyclododecane [2]",-10,Substanta INTERZISA in UE (Anexa II)
Tetrahydrofuran,-10,Substanta INTERZISA in UE (Anexa II)
Abamectin (combination of avermectin B1a and avermectin B1b) (ISO) [1]; Avermectin B1a [2],-10,Substanta INTERZISA in UE (Anexa II)
4-tert-Butylbenzoic acid,-10,Substanta INTERZISA in UE (Anexa II)
"Leucomalachite green; N,N,N',N'-tetramethyl-4,4'-benzylidenedianiline",-10,Substanta INTERZISA in UE (Anexa II)
Fuberidazole (ISO); 2-(2-furyl)-1H-benzimidazole,-10,Substanta INTERZISA in UE (Anexa II)
"Metazachlor (ISO); 2-chloro-N-(2,6-dimethylphenyl)-N-(1H-pyrazol-1-ylmethyl)acetamide",-10,Substanta INTERZISA in UE (Anexa II)
Di-tert-butyl peroxide,-10,Substanta INTERZISA in UE (Anexa II)
Trichloromethylstannane,-10,Substanta INTERZISA in UE (Anexa II)
"2-Ethylhexyl 10-ethyl-4-[[2-[(2-ethylhexyl)oxy]-2-oxoethyl]thio]-4-methyl-7-oxo-8-oxa-3,5-dithia-4-stannatetradecanoate",-10,Substanta INTERZISA in UE (Anexa II)
"2-Ethylhexyl 10-ethyl-4,4-dioctyl-7-oxo-8-oxa-3,5-dithia-4-stannatetradecanoate",-10,Substanta INTERZISA in UE (Anexa II)
"Sulcotrione (ISO); 2-[2-chloro-4-(methylsulfonyl)benzoyl]cyclohexane-1,3-dione",-10,Substanta INTERZISA in UE (Anexa II)
"Bifenthrin (ISO); (2-methylbiphenyl-3-yl)methyl rel-(1R,3R)-3-[(1Z)-2-chloro-3,3,3-trifluoroprop-1-en-1-yl]-2,2-dimethylcyclopropanecarboxylate",-10,Substanta INTERZISA in UE (Anexa II)
Dihexyl phthalate,-10,Substanta INTERZISA in UE (Anexa II)
Ammonium pentadecafluorooctanoate,-10,Substanta INTERZISA in UE (Anexa II)
Perfluorooctanoic acid,-10,Substanta INTERZISA in UE (Anexa II)
N-Ethyl-2-pyrrolidone; 1-ethylpyrrolidin-2-one,-10,Substanta INTERZISA in UE (Anexa II)
Proquinazid (ISO); 6-iodo-2-propoxy-3-propylquinazolin-4(3H)-one,-10,Substanta INTERZISA in UE (Anexa II)
Gallium arsenide,-10,Substanta INTERZISA in UE (Anexa II)
Vinyl acetate,-10,Substanta INTERZISA in UE (Anexa II)
Aclonifen (ISO); 2-chloro-6-nitro-3-phenoxyaniline,-10,Substanta INTERZISA in UE (Anexa II)
"2-Ethylhexyl 10-ethyl-4,4-dimethyl-7-oxo-8-oxa-3,5-dithia-4-stannatetradecanoate",-10,Substanta INTERZISA in UE (Anexa II)
Dimethyltin dichloride,-10,Substanta INTERZISA in UE (Anexa II)
4-Vinylcyclohexene,-10,Substanta INTERZISA in UE (Anexa II)
Tralkoxydim (ISO); 2-(N-ethoxypropanimidoyl)-3-hydroxy-5-mesitylcyclohex-2-en-1-one,-10,Substanta INTERZISA in UE (Anexa II)
Cycloxydim (ISO); 2-(N-ethoxybutanimidoyl)-3-hydroxy-5-(tetrahydro-2H-thiopyran-3-yl)cyclohex-2-en-1-one,-10,Substanta INTERZISA in UE (Anexa II)
"Fluazinam (ISO); 3-chloro-N-[3-chloro-2,6-dinitro-4-(trifluoromethyl)phenyl]-5-(trifluoromethyl)pyridin-2-amine",-10,Substanta INTERZISA in UE (Anexa II)
"Penconazole (ISO); 1-[2-(2,4-dichlorophenyl)pentyl]-1H-1,2,4-triazole",-10,Substanta INTERZISA in UE (Anexa II)
Fenoxycarb (ISO); ethyl [2-(4-phenoxyphenoxy)ethyl]carbamate,-10,Substanta INTERZISA in UE (Anexa II)
Styrene,-10,Substanta INTERZISA in UE (Anexa II)
Tetrahydro-2-furylmethanol; tetrahydrofurfuryl alcohol,-10,Substanta INTERZISA in UE (Anexa II)
Formaldehyde,-10,Substanta INTERZISA in UE (Anexa II)
Paraformaldehyde,-10,Substanta INTERZISA in UE (Anexa II)
Methanediol; methylene glycol,-10,Substanta INTERZISA in UE (Anexa II)
"cymoxanil (ISO); 2-cyano-N-[(ethylamino)carbonyl]-2-(methoxyimino)acetamide; [1]/
(2E)-2-cyano-N-[(ethylamino)carbonyl]-2-(methoxyimino)acetamide; [2]",-10,Substanta INTERZISA in UE (Anexa II)
Tributyltin compounds,-10,Substanta INTERZISA in UE (Anexa II)
"Tembotrione (ISO); 2-{2-chloro-4-(methylsulfonyl)-3-[(2,2,2-trifluoroethoxy)methyl]benzoyl}cyclohexane-1,3-dione",-10,Substanta INTERZISA in UE (Anexa II)
"1,2-Benzenedicarboxylic acid, dihexyl ester, branched and linear",-10,Substanta INTERZISA in UE (Anexa II)
"Spirotetramat (ISO); (5s,8s)-3-(2,5-dimethylphenyl)-8-methoxy-2-oxo-1-azaspiro[4,5]dec-3-en-4-yl ethyl carbonate",-10,Substanta INTERZISA in UE (Anexa II)
"Dodemorph acetate; 4-cyclododecyl-2,6-dimethylmorpholin-4-ium acetate",-10,Substanta INTERZISA in UE (Anexa II)
"Triflusulfuron-methyl; methyl 2-({[4-(dimethylamino)-6-(2,2,2- trifluoroethoxy)-1,3,5-triazin-2- yl]carbamoyl}sulfamoyl)-3- methylbenzoate",-10,Substanta INTERZISA in UE (Anexa II)
"Imazalil (ISO); 1-[2-(allyloxy)-2-(2,4-dichlorophenyl)ethyl]-1H-imidazole",-10,Substanta INTERZISA in UE (Anexa II)
"Dodemorph (ISO); 4-cyclododecyl-2,6-dimethylmorpholine",-10,Substanta INTERZISA in UE (Anexa II)
Imidazole,-10,Substanta INTERZISA in UE (Anexa II)
"Lenacil (ISO); 3-cyclohexyl-6,7-dihydro-1H-cyclopenta[d]pyrimidine-2,4(3H,5H)-dione",-10,Substanta INTERZISA in UE (Anexa II)
"Metosulam (ISO); N-(2,6-dichloro-3-methylphenyl)-5,7-dimethoxy[1,2,4]triazolo[1,5-a]pyrimidine-2-sulfonamide",-10,Substanta INTERZISA in UE (Anexa II)
2-Methyl-1-(4-methylthiophenyl)-2-morpholino-propan 1-one,-10,Substanta INTERZISA in UE (Anexa II)
"2,3-Epoxypropyl methacrylate; glycidyl methacrylate",-10,Substanta INTERZISA in UE (Anexa II)
"Spiroxamine (ISO); 8-tert-butyl-1,4-dioxaspirol[4.5]decan-2-ylmethyl(ethyl)(propyl)amine",-10,Substanta INTERZISA in UE (Anexa II)
Cyanamide; carbanonitril,-10,Substanta INTERZISA in UE (Anexa II)
"Cyproconazole (ISO); (2RS,3RS;2RS,3SR)-2-(4-chlorophenyl)-3-cyclopropyl-1-(1H-1,2,4-triazol-1-yl)butan-2-ol",-10,Substanta INTERZISA in UE (Anexa II)
Silver zinc zeolite,-10,Substanta INTERZISA in UE (Anexa II)
Cadmium carbonate,-10,Substanta INTERZISA in UE (Anexa II)
Cadmium hydroxide; cadmium dihydroxide,-10,Substanta INTERZISA in UE (Anexa II)
Cadmium nitrate; cadmium dinitrate,-10,Substanta INTERZISA in UE (Anexa II)
Dibutyltin dilaurate; dibutyl[bis(dodecanoyloxy)] stannane,-10,Substanta INTERZISA in UE (Anexa II)
Clorofene; chlorophene; 2-benzyl-4-chlorophenol,-10,Substanta INTERZISA in UE (Anexa II)
"Anthraquinone; 9,10-anthraquinone",-10,Substanta INTERZISA in UE (Anexa II)
"Nonadecafluorodecanoic acid [1];
Ammonium nonadecafluorodecanoate [2];
Sodium nonadecafluorodecanoate [3]",-10,Substanta INTERZISA in UE (Anexa II)
"N,N'-Methylenedimorpholine; N,N'-methylenebismorpholine; [formaldehyde released from N,N'-Methylenebismorpholine]; [MBM] if the maximum theoretical concentration of releasable formaldehyde, irrespective of the source, in the mixture as placed on the market is = 0,1 % w/w",-10,Substanta INTERZISA in UE (Anexa II)
"Reaction products of paraformaldehyde with 2-hydroxypropylamine (3:2); [formaldehyde released from 3,3'-methylenebis[5–methyloxazolidine]; [formaldehyde released from oxazolidin]; [MBO] if the maximum theoretical concentration of releasable formaldehyde, irrespective of the source, in the mixture as placed on the market is = 0,1 % w/w",-10,Substanta INTERZISA in UE (Anexa II)
"Reaction products of paraformaldehyde  with 2-hydroxypropylamine (1:1)); [formaldehyde released from a,a,a-trimethyl-1,3,5-triazine-1,3,5(2H,4H,6H)-triethanol]; [HPT] if the maximum theoretical concentration of releasable formaldehyde, irrespective of the source, in the mixture as placed on the market is = 0,1 % w/w",-10,Substanta INTERZISA in UE (Anexa II)
Methylhydrazine,-10,Substanta INTERZISA in UE (Anexa II)
"Triadimenol (ISO); (1RS,2RS;1RS,2SR)-1-(4-chlorophenoxy)-3,3-dimethyl-1-(1H-1,2,4-triazol-1-yl)butan-2-ol; a-tert-butyl-ß-(4-chlorophenoxy)-1H-1,2,4-triazole-1-ethanol",-10,Substanta INTERZISA in UE (Anexa II)
"Thiacloprid (ISO); (Z)-3-(6-chloro-3-pyridyl-methyl)-1-3-thiazolidin-2-ylidenecyanamide; {(2Z)-3-[(6-chloropyridin-3-yl)methyl]-1,3-thiazolidin-2-ylidene}cyanamide",-10,Substanta INTERZISA in UE (Anexa II)
Carbetamide (ISO); (R)-1-(ethylcarbamoyl) ethyl-carbanilate; (2R)-1-(ethylamino) -1-oxopro-pan-2-yl-phenylcarbamate,-10,Substanta INTERZISA in UE (Anexa II)
"Phosmet (ISO); S-[(1,3-dioxo-1,3-dihydro-2H- isoindol-2-yl)methyl]-O,O-dimethyl phosphorodithioate; O,O-dimethyl-S-phthalimidomethyl phosphorodithioate",-10,Substanta INTERZISA in UE (Anexa II)
Potassium permanganate,-10,Substanta INTERZISA in UE (Anexa II)
2-Benzyl-2-dimethylamino-4'- morpholinobutyrophenone,-10,Substanta INTERZISA in UE (Anexa II)
Quizalofop-p-tefuryl (ISO); (+/–) tetrahydrofurfuryl (R)-2-[4-(6- chloroquinoxalin-2-yloxy)phenyloxy]propionate,-10,Substanta INTERZISA in UE (Anexa II)
"Propiconazole (ISO); (2RS,4RS;2RS,4SR)-1-{[2-(2,4- dichlorophenyl)-4-propyl-1,3- dioxolan-2-yl]methyl}-1H- 1,2,4-triazole",-10,Substanta INTERZISA in UE (Anexa II)
"Pinoxaden (ISO); 8-(2,6-diethyl-4-methylphenyl)-7-oxo-1,2,4,5-tetrahydro-7H-pyrazolo[1,2-d][1,4,5]oxadiazepin-9-yl 2,2-dimethylpropanoate",-10,Substanta INTERZISA in UE (Anexa II)
"Tetramethrin;
(1-Cyclohexene-1,2-Dicarboximido)Methyl Chrysanthemate; 
2,2-Dimethyl-3-(2-Methyl-1-Propenyl)Cyclopropanecarboxylic Acid (1,3,4,5,6,7-Hexahydro-1,3-Dioxo-2H-Isoindol-2-yl)Methyl Ester",-10,Substanta INTERZISA in UE (Anexa II)
"(1,3,4,5,6,7-Hexahydro-1,3-dioxo-2H-isoindol-2-yl)methyl (1R-trans)-2,2-dimethyl-3-(2- methylprop-1-enyl)cyclopropanecarboxylate",-10,Substanta INTERZISA in UE (Anexa II)
"Spirodiclofen (ISO); 3-(2,4-dichlorophenyl)-2-oxo- 1-oxaspiro[4.5]dec-3-en-4-yl 2,2-dimethylbutyrate",-10,Substanta INTERZISA in UE (Anexa II)
Reaction mass of 1-[2-(2-aminobutoxy)ethoxy]but-2-ylamine and 1-({[2-(2-aminobutoxy)ethoxy]methyl}propoxy) but-2-ylamine,-10,Substanta INTERZISA in UE (Anexa II)
1-Vinylimidazole,-10,Substanta INTERZISA in UE (Anexa II)
"Amisulbrom (ISO)3-(3-bromo-6-fluoro-2-methylindol-1-ylsulfonyl)-N,N-dimethyl-1H-1,2,4-triazole-1-sulfonamide",-10,Substanta INTERZISA in UE (Anexa II)
"Pirimicarb (ISO); 2-(dimethylamino)-5,6-dimethylpyrimidin-4-yl dimethylcarbamate",-10,Substanta INTERZISA in UE (Anexa II)
"1,2-Dichloropropane; propylene dichloride",-10,Substanta INTERZISA in UE (Anexa II)
"Phenol, dodecyl-, branched [1]; Phenol, 2-dodecyl-, branched [2]; Phenol, 3-dodecyl-, branched [3]; Phenol, 4-dodecyl-, branched [4]; Phenol, (tetrapropenyl) derivatives [5]",-10,Substanta INTERZISA in UE (Anexa II)
"Coumatetralyl (ISO); 4- hydroxy-3-(1,2,3,4-tetrahydro-1-naphthyl) coumarin",-10,Substanta INTERZISA in UE (Anexa II)
"Difenacoum (ISO); 3-(3- biphenyl-4-yl-1,2,3,4- tetrahydro-1-naphthyl)- 4-hydroxycoumarin",-10,Substanta INTERZISA in UE (Anexa II)
"Brodifacoum (ISO); 4-hydroxy-3-(3-(4′-bromo-4-biphenylyl)-1,2,3,4-tetrahydro-1-naphthyl)coumarin",-10,Substanta INTERZISA in UE (Anexa II)
"Flocoumafen (ISO); reaction mass of: cis-4- hydroxy-3-(1,2,3,4-tetrahydro-3-(4-(4-trifluoromethylbenzyloxy)phenyl)-1-naphthyl)coumarin and trans-4-hydroxy-3-(1,2,3,4-tetrahydro-3-(4-(4-trifluoromethylbenzyloxy)phenyl)-1-naphthyl)coumarin",-10,Substanta INTERZISA in UE (Anexa II)
Acetochlor (ISO); 2- chloro-N-(ethoxymethyl)-N-(2-ethyl-6- methylphenyl)acetamide,-10,Substanta INTERZISA in UE (Anexa II)
e-Glass microfibres of representative composition,-10,Substanta INTERZISA in UE (Anexa II)
Glass microfibres of representative composition,-10,Substanta INTERZISA in UE (Anexa II)
Bromadiolone (ISO); 3- [3-(4′-bromobiphenyl- 4-yl)-3-hydroxy-1-phenylpropyl]-4-hydroxy- 2H-chromen-2-one,-10,Substanta INTERZISA in UE (Anexa II)
"Difethialone (ISO); 3-[3-(4′-bromobiphenyl-4-yl)-1,2,3,4-tetrahydronaphthalen-1-yl]- 4-hydroxy-2H-1-benzothiopyran-2-one",-10,Substanta INTERZISA in UE (Anexa II)
Perfluorononan-1-oic acid [1] and its sodium [2] and ammonium [3] salts,-10,Substanta INTERZISA in UE (Anexa II)
Dicyclohexyl phthalate,-10,Substanta INTERZISA in UE (Anexa II)
"3,7-Dimethylocta-2,6- dienenitrile",-10,Substanta INTERZISA in UE (Anexa II)
Bupirimate (ISO); 5-butyl-2-ethylamino-6- methylpyrimidin-4-yl dimethylsulfamate,-10,Substanta INTERZISA in UE (Anexa II)
Triflumizole (ISO); (1E)-N-[4-chloro-2-(trifluoromethyl)phenyl]-1- (1H-imidazol-1-yl)-2- propoxyethanimine,-10,Substanta INTERZISA in UE (Anexa II)
tert-Butyl hydroperoxide,-10,Substanta INTERZISA in UE (Anexa II)
"1,2,4-Trihydroxybenzene when used as a substance in hair and eyelash dye products",-10,Substanta INTERZISA in UE (Anexa II)
4-Amino-3-hydroxytoluene when used as a substance in hair and eyelash dye products.,-10,Substanta INTERZISA in UE (Anexa II)
2-[(4-Amino-2-nitrophenyl)-amino]-benzoic acid when used as a substance in hair and eyelash dye products,-10,Substanta INTERZISA in UE (Anexa II)
Cobalt,-10,Substanta INTERZISA in UE (Anexa II)
"Metaldehyde (ISO); 2,4,6,8-tetramethyl- 1,3,5,7-tetraoxacyclooctane",-10,Substanta INTERZISA in UE (Anexa II)
Methylmercuric chloride,-10,Substanta INTERZISA in UE (Anexa II)
Benzo[rst]pentaphene,-10,Substanta INTERZISA in UE (Anexa II)
"Dibenzo[b,def]chrysene; dibenzo[a,h]pyrene",-10,Substanta INTERZISA in UE (Anexa II)
"Ethanol, 2,2'-iminobis-, N- (C13-15-branched and linear alkyl) derivs.",-10,Substanta INTERZISA in UE (Anexa II)
"Cyflumetofen (ISO); 2-methoxyethyl (RS)-2- (4-tert-butylphenyl)-2-cyano-3-oxo- 3-(α,α,α-trifluoro-o-tolyl)propionate",-10,Substanta INTERZISA in UE (Anexa II)
Diisohexyl phthalate,-10,Substanta INTERZISA in UE (Anexa II)
"halosulfuron-methyl (ISO); methyl 3-chloro-5-{[(4,6- dimethoxypyrimidin-2-yl) carbamoyl]sulfamoyl}-1- methyl-1H-pyrazole-4- carboxylate",-10,Substanta INTERZISA in UE (Anexa II)
2-methylimidazole,-10,Substanta INTERZISA in UE (Anexa II)
"Metaflumizone (ISO);(EZ)-2'-[2-(4-cyanophenyl)-1-(α,α,α -trifluoro-m- tolyl)ethylidene]- [4-(trifluoromethoxy)phenyl] carbanilohydrazide [E-isomer ≥ 90 %, Z-isomer ≤ 10 % relative content]; [1](E)-2'-[2-(4-cyanophenyl)- 1-(α,α,α -trifluoro-m-tolyl) ethylidene]- [4-(trifluoromethoxy)phenyl]carbanilohydrazide [2]",-10,Substanta INTERZISA in UE (Anexa II)
"Dibutylbis(pentane-2,4- dionato-O,O')tin",-10,Substanta INTERZISA in UE (Anexa II)
"4-[(tetrahydro-2H-pyran-2-yl)oxy]phenol (Deoxyarbutin, Tetrahydropyranyloxy Phenol)",-10,Substanta INTERZISA in UE (Anexa II)
"Silicon carbide fibres (with diameter < 3 μm, length > 5 μm and aspect ratio ≥ 3:1)",-10,Substanta INTERZISA in UE (Anexa II)
"Tris(2-methoxyethoxy) vinylsilane; 6-(2-methoxyethoxy)- 6-vinyl-2,5,7,10-tetraoxa-6-silaundecane",-10,Substanta INTERZISA in UE (Anexa II)
"Dioctyltin dilaurate; [1]

stannane, dioctyl-, bis (coco acyloxy) derivs. [2]",-10,Substanta INTERZISA in UE (Anexa II)
"Dibenzo[def,p]chrysene; dibenzo[a,l]pyrene",-10,Substanta INTERZISA in UE (Anexa II)
"Ipconazole (ISO); (1RS,2SR,5RS;1RS,2SR,5SR)-2-(4-chlorobenzyl)-5-isopropyl-1- (1H-1,2,4-triazol-1-ylmethyl)cyclopentanol",-10,Substanta INTERZISA in UE (Anexa II)
Bis(2-(2-methoxyethoxy)ethyl)ether; tetraglyme,-10,Substanta INTERZISA in UE (Anexa II)
"Paclobutrazol (ISO); (2RS,3RS)-1-(4-chlorophenyl)-4,4-dimethyl- 2-(1H-1,2,4-triazol-1- yl)pentan-3-ol",-10,Substanta INTERZISA in UE (Anexa II)
"2,2-bis(bromomethyl) propane-1,3-diol",-10,Substanta INTERZISA in UE (Anexa II)
2-(4-tert-butylbenzyl) propionaldehyde,-10,Substanta INTERZISA in UE (Anexa II)
Diisooctyl phthalate,-10,Substanta INTERZISA in UE (Anexa II)
2-methoxyethyl acrylate,-10,Substanta INTERZISA in UE (Anexa II)
"Sodium N-(hydroxymethyl)glycinate; [formaldehyde released from sodium N-(hydroxymethyl)glycinate]

if the maximum theoretical concentration of releasable formaldehyde, irrespective of the source, in the mixture as placed on the market is ≥ 0,1 % w/w",-10,Substanta INTERZISA in UE (Anexa II)
Pyrithione zinc; (T-4)- bis[1-(hydroxy-.kappa.O)pyridine-2(1H)- thionato-.kappa.S]zinc,-10,Substanta INTERZISA in UE (Anexa II)
Flurochloridone (ISO); 3-chloro-4-(chloromethyl)-1-[3-(trifluoromethyl)phenyl]pyrrolidin-2-one,-10,Substanta INTERZISA in UE (Anexa II)
"3-(difluoromethyl)-1- methyl-N-(3',4',5'-trifluorobiphenyl-2-yl) pyrazole-4-carboxamide; fluxapyroxad",-10,Substanta INTERZISA in UE (Anexa II)
N-(hydroxymethyl)acrylamide; methylolacrylamide; [NMA],-10,Substanta INTERZISA in UE (Anexa II)
"5-fluoro-1,3-dimethyl-N-[2-(4- methylpentan-2-yl) phenyl]-1H-pyrazole- 4-carboxamide; 2'- [(RS)-1,3-dimethylbutyl]-5-fluoro-1,3-dimethylpyrazole-4-carboxanilide; penflufen",-10,Substanta INTERZISA in UE (Anexa II)
Iprovalicarb (ISO); isopropyl [(2S)-3- methyl-1-{[1-(4- methylphenyl)ethyl] amino}-1-oxobutan-2- yl]carbamate,-10,Substanta INTERZISA in UE (Anexa II)
Dichlorodioctylstannane,-10,Substanta INTERZISA in UE (Anexa II)
"Mesotrione (ISO); 2-[4-(methylsulfonyl)- 2-nitrobenzoyl]-1,3- cyclohexanedione",-10,Substanta INTERZISA in UE (Anexa II)
Hymexazol (ISO); 3-hydroxy-5-methylisoxazole,-10,Substanta INTERZISA in UE (Anexa II)
"Imiprothrin (ISO); reaction mass of: [2,4- dioxo-(2-propyn-1-yl) imidazolidin-3-yl] methyl(1R)-cis-chrysanthemate; [2,4-dioxo-(2-propyn-1-yl) imidazolidin-3-yl] methyl(1R)-trans-chrysanthemate",-10,Substanta INTERZISA in UE (Anexa II)
"Bis(α,α-dimethylbenzyl) peroxide",-10,Substanta INTERZISA in UE (Anexa II)
Tetrafluoroethylene,-10,Substanta INTERZISA in UE (Anexa II)
"6,6'-di-tert-butyl-2,2'-methylenedi-p-cresol;[DBMC]",-10,Substanta INTERZISA in UE (Anexa II)
"(5-chloro-2-methoxy-4-methyl-3-pyridyl)(4,5,6-trimethoxy-o-tolyl)methanone; pyriofenone",-10,Substanta INTERZISA in UE (Anexa II)
(RS)-1-{1-ethyl-4-[4-mesyl-3-(2-methoxyethoxy)-o-toluoyl]pyrazol-5-yloxy}ethyl methyl carbonate; tolpyralate,-10,Substanta INTERZISA in UE (Anexa II)
"Azamethiphos (ISO); S-[(6-chloro-2-oxooxazolo[4,5-b]pyridin-3(2H)-yl)methyl] O,O-dimethyl thiophosphate",-10,Substanta INTERZISA in UE (Anexa II)
3-methylpyrazole,-10,Substanta INTERZISA in UE (Anexa II)
"N-methoxy-N-[1-methyl-2-(2,4,6-trichlorophenyl)-ethyl]-3-(difluoromethyl)-1-methylpyrazole-4-carboxamide; pydiflumetofen",-10,Substanta INTERZISA in UE (Anexa II)
"N-{2-[[1,1'-bi(cyclopropyl)]-2-yl]phenyl}-3-(difluoromethyl)-1-methyl-1H-pyrazole-4-carboxamide; sedaxane",-10,Substanta INTERZISA in UE (Anexa II)
4-methylpentan-2-one; isobutyl methyl ketone (MIBK),-10,Substanta INTERZISA in UE (Anexa II)
"Dimethomorph (ISO); (E,Z)-4-(3-(4-chlorophenyl)-3-(3,4-dimethoxyphenyl)acryloyl)morpholine",-10,Substanta INTERZISA in UE (Anexa II)
Imazamox (ISO); (RS)-2-(4-isopropyl-4-methyl-5-oxo-2-imidazolin-2-yl)-5-methoxymethylnicotinic acid,-10,Substanta INTERZISA in UE (Anexa II)
"Thiamethoxam (ISO); 3-(2-chloro-thiazol-5-ylmethyl)-5-methyl[1,3,5]oxadiazinan-4-ylidene-N-nitroamine",-10,Substanta INTERZISA in UE (Anexa II)
"Triticonazole (ISO); (RS)-(E)-5-(4-chlorobenzylidene)-2,2-dimethyl-1-(1H-1,2,4-triazol-1-methyl)cyclopentanol",-10,Substanta INTERZISA in UE (Anexa II)
Desmedipham (ISO); ethyl 3-phenylcarbamoyloxyphenylcarbamate,-10,Substanta INTERZISA in UE (Anexa II)
Ammonium bromide,-10,Substanta INTERZISA in UE (Anexa II)
Dibutyltin bis(2-ethylhexanoate),-10,Substanta INTERZISA in UE (Anexa II)
Dibutyltin di(acetate),-10,Substanta INTERZISA in UE (Anexa II)
Tellurium dioxide,-10,Substanta INTERZISA in UE (Anexa II)
Barium diboron tetraoxide,-10,Substanta INTERZISA in UE (Anexa II)
"2,2-dimethylpropan-1-ol,tribromo derivative; 3-bromo-2,2-bis(bromomethyl)propan-1-ol",-10,Substanta INTERZISA in UE (Anexa II)
"2,4,6-tri-tert-butylphenol",-10,Substanta INTERZISA in UE (Anexa II)
"4,4’-sulphonyldiphenol; bisphenol S",-10,Substanta INTERZISA in UE (Anexa II)
Benzophenone,-10,Substanta INTERZISA in UE (Anexa II)
"Quinoclamine (ISO); 2-amino-3-chloro-1,4-naphthoquinone",-10,Substanta INTERZISA in UE (Anexa II)
Perfluoroheptanoic acid; tridecafluoroheptanoic acid,-10,Substanta INTERZISA in UE (Anexa II)
methyl N-(isopropoxycarbonyl)-L-valyl-(3RS)-3-(4-chlorophenyl)-β-alaninate; valifenalate,-10,Substanta INTERZISA in UE (Anexa II)
"6-[C12-18-alkyl-(branched, unsaturated)-2,5-dioxopyrrolidin-1-yl]hexanoic acid, sodium and tris(2-hydroxyethyl)ammonium salts",-10,Substanta INTERZISA in UE (Anexa II)
"6-[(C10-C13)-alkyl-(branched, unsaturated)-2,5-dioxopyrrolidin-1-yl]hexanoic acid",-10,Substanta INTERZISA in UE (Anexa II)
"6-[C12-18-alkyl-(branched, unsaturated)-2,5-dioxopyrrolidin-1-yl]hexanoic acid",-10,Substanta INTERZISA in UE (Anexa II)
"Theophylline; 1,3-dimethyl-3,7-dihydro-1H-purine-2,6-dione",-10,Substanta INTERZISA in UE (Anexa II)
"1,3,5-triazine-2,4,6-triamine; melamine",-10,Substanta INTERZISA in UE (Anexa II)
"Fluopicolide (ISO); 2,6-dichloro-N-[3-chloro-5-(trifluoromethyl)-2-pyridylmethyl]benzamide",-10,Substanta INTERZISA in UE (Anexa II)
N-(2-nitrophenyl)phosphoric triamide,-10,Substanta INTERZISA in UE (Anexa II)
N-(5-chloro-2-isopropylbenzyl)-N-cyclopropyl-3-(difluoromethyl)-5-fluoro-1-methyl-1H-pyrazole-4-carboxamide; isoflucypram,-10,Substanta INTERZISA in UE (Anexa II)
"Reaction mass of 3-(difluoromethyl)-1-methyl-N-[(1RS,4SR,9RS)-1,2,3,4-tetrahydro-9-isopropyl-1,4-methanonaphthalen-5-yl]pyrazole-4-carboxamide and 3-(difluoromethyl)-1-methyl-N-[(1RS,4SR,9SR)-1,2,3,4-tetrahydro-9-isopropyl-1,4-methanonaphthalen-5-yl]pyrazole-4-carboxamide [≥ 78 % syn isomers ≤ 15 % anti isomers relative content]; isopyrazam",-10,Substanta INTERZISA in UE (Anexa II)
"Margosa, ext. [from the kernels of Azadirachta indica extracted with water and further processed with organic solvents]",-10,Substanta INTERZISA in UE (Anexa II)
Cumene,-10,Substanta INTERZISA in UE (Anexa II)
"2-ethyl-2-[[(1-oxoallyl)oxy]methyl]-1,3-propanediyl diacrylate; 2,2-bis(acryloyloxymethyl)butyl acrylate; trimethylolpropane triacrylate;",-10,Substanta INTERZISA in UE (Anexa II)
"Pentapotassium 2,2’,2’’,2’’’,2’’’’-(ethane-1,2-diylnitrilo)pentaacetate",-10,Substanta INTERZISA in UE (Anexa II)
N-carboxymethyliminobis(ethylenenitrilo)tetra(acetic acid); Pentetic Acid (INCI),-10,Substanta INTERZISA in UE (Anexa II)
Pentasodium (carboxylatomethyl)iminobis(ethylenenitrilo)tetraacetate; Pentasodium Pentetate (INCI),-10,Substanta INTERZISA in UE (Anexa II)
Acetamiprid (ISO); (1E)-N-[(6-chloropyridin-3-yl)methyl]-N'-cyano-N-methylethanimidamide; (E)-N1-[(6-chloro-3-pyridyl)methyl]-N2-cyano-N1-methylacetamidine,-10,Substanta INTERZISA in UE (Anexa II)
"Pendimethalin (ISO); N-(1-ethylpropyl)-2,6-dinitro-3,4-xylidene",-10,Substanta INTERZISA in UE (Anexa II)
"Bentazone (ISO); 3-isopropyl-2,1,3-benzothiadiazine-4-one-2,2-dioxide",-10,Substanta INTERZISA in UE (Anexa II)
"Styrene/Acrylates copolymer (nano) [INCI]
Sodium Styrene/Acrylates copolymer (nano) [INCI]",-10,Substanta INTERZISA in UE (Anexa II)
"Copper (nano) [INCI]
Colloidal Copper (nano) [INCI]",-10,Substanta INTERZISA in UE (Anexa II)
"Silver (nano) [1 nm < particle diameter ≤ 100 nm]
Silver (massive) [particle diameter ≥ 1 mm]",-10,Substanta INTERZISA in UE (Anexa II)
"Gold (nano) [INCI], Colloidal Gold (nano) [INCI] [1]
Gold Thioethylamino Hyaluronic Acid (nano) [INCI] [2]
Acetyl heptapeptide-9 Colloidal gold (nano) [INCI] [3]",-10,Substanta INTERZISA in UE (Anexa II)
"Platinum (nano) [INCI], Colloidal Platinum (nano) [INCI] [1]
Acetyl tetrapeptide-17 Colloidal Platinum (nano) [INCI] [2]",-10,Substanta INTERZISA in UE (Anexa II)
3-(4'-methylbenzylidene)-camphor; [INCI: 4-Methylbenzylidene Camphor],-10,Substanta INTERZISA in UE (Anexa II)
"diphenyl(2,4,6-trimethylbenzoyl)phosphine oxide; INCI: Trimethylbenzoyl Diphenylphosphine Oxide",-10,Substanta INTERZISA in UE (Anexa II)
"2,2',6,6'-tetrabromo-4,4'-isopropylidenediphenol; tetrabromobisphenol-A",-10,Substanta INTERZISA in UE (Anexa II)
"transfluthrin (ISO); 2,3,5,6-tetrafluorobenzyl (1R,3S)-3-(2,2-dichlorovinyl)-2,2-dimethylcyclopropanecarboxylate",-10,Substanta INTERZISA in UE (Anexa II)
"clothianidin (ISO); (E)-1-(2-chloro-1,3-thiazol-5-ylmethyl)-3-methyl-2-nitroguanidine",-10,Substanta INTERZISA in UE (Anexa II)
"benzyl(diethylamino)diphenylphosphonium 4-[1,1,1,3,3,3-hexafluoro-2-(4-hydroxyphenyl)propan-2-yl]phenolate",-10,Substanta INTERZISA in UE (Anexa II)
"benzyltriphenylphosphonium, salt with 4,4'-[2,2,2-trifluoro-1-(trifluoromethyl)ethylidene]bis[phenol] (1:1)",-10,Substanta INTERZISA in UE (Anexa II)
"reaction mass of 4,4'-[2,2,2-trifluoro-1-(trifluoromethyl)ethylidene]diphenol and benzyl(diethylamino)diphenylphosphonium 4-[1,1,1,3,3,3-hexafluoro-2-(4-hydroxyphenyl)propan-2-yl]phenolate (1:1)",-10,Substanta INTERZISA in UE (Anexa II)
"reaction mass of 4,4'-[2,2,2-trifluoro-1-(trifluoromethyl)ethylidene]diphenol and benzyltriphenylphosphonium, salt with 4,4'-[2,2,2-trifluoro-1-(trifluoromethyl)ethylidene]diphenol (1:1)",-10,Substanta INTERZISA in UE (Anexa II)
dimethyl propylphosphonate,-10,Substanta INTERZISA in UE (Anexa II)
dibutyltin maleate,-10,Substanta INTERZISA in UE (Anexa II)
dibutyltin oxide,-10,Substanta INTERZISA in UE (Anexa II)
"reaction mass of 1-(2,3-epoxypropoxy)-2,2-bis ((2,3-epoxypropoxy)methyl) butane and 1-(2,3-epoxypropoxy)-2-((2,3-epoxypropoxy)methyl)-2-hydroxymethyl butane",-10,Substanta INTERZISA in UE (Anexa II)
"4,4'-[2,2,2-trifluoro-1-(trifluoromethyl)ethylidene]diphenol; bisphenol AF",-10,Substanta INTERZISA in UE (Anexa II)
"benfluralin (ISO); N-butyl-N-ethyl-α,α,α-trifluoro-2,6-dinitro-p-toluidine",-10,Substanta INTERZISA in UE (Anexa II)
"N,N-dimethyl-p-toluidine",-10,Substanta INTERZISA in UE (Anexa II)
"1,4-Benzenediamine, N,N’-mixed Ph and tolyl derivs.",-10,Substanta INTERZISA in UE (Anexa II)
4-nitrosomorpholine,-10,Substanta INTERZISA in UE (Anexa II)
"difenoconazole (ISO); 1-({2-[2-chloro-4-(4-chlorophenoxy)phenyl]-4-methyl-1,3-dioxolan-2-yl}methyl)-1H-1,2,4-triazole; 3-chloro-4-[(2RS,4RS;2RS,4SR)-4-methyl-2-(1H-1,2,4-triazol-1-ylmethyl)-1,3-dioxolan-2-yl]phenyl 4-chlorophenyl ether",-10,Substanta INTERZISA in UE (Anexa II)
4-methylimidazole,-10,Substanta INTERZISA in UE (Anexa II)
"3,3'-dimethylbiphenyl-4,4'-diyl diisocyanate",-10,Substanta INTERZISA in UE (Anexa II)
"foramsulfuron (ISO); 2-{[(4,6-dimethoxypyrimidin-2-yl)carbamoyl]sulfamoyl}-4-formamido-N,N-dimethylbenzamide; 1-(4,6-dimethoxypyrimidin-2-yl)-3-(2-dimethylcarbamoyl-5-formamidophenylsulfonyl)urea",-10,Substanta INTERZISA in UE (Anexa II)
"Multi-walled Carbon Tubes (synthetic graphite in tubular shape) with a geometric tube diameter range ≥ 30 nm to < 3 μm and a length ≥ 5 μm and aspect ratio > 3:1, including Multi-Walled Carbon Nanotubes, MWC(N)T",-10,Substanta INTERZISA in UE (Anexa II)
"reaction mass of 1,3-dioxan-5-ol and 1,3-dioxolan-4-ylmethanol",-10,Substanta INTERZISA in UE (Anexa II)
Acetone oxime,-10,Substanta INTERZISA in UE (Anexa II)
2-(dimethylamino)-2-[(4-methylphenyl)methyl]-1-[4-(morpholin-4-yl)phenyl]butan-1-one,-10,Substanta INTERZISA in UE (Anexa II)
"2,3-epoxypropyl neodecanoate",-10,Substanta INTERZISA in UE (Anexa II)
"Benthiavalicarb-isopropyl (ISO); isopropyl [(S)-1-{[(R)-1-(6-fluoro-1,3-benzothiazol-2-yl)ethyl]carbamoyl}-2-methylpropyl]carbamate",-10,Substanta INTERZISA in UE (Anexa II)
7-oxabicyclo[4.1.0]hept-3-ylmethyl 7-oxabicyclo[4.1.0]heptane-3-carboxylate,-10,Substanta INTERZISA in UE (Anexa II)
Sodium 3-(allyloxy)-2-hydroxypropanesulphonate,-10,Substanta INTERZISA in UE (Anexa II)
"1,4-dichloro-2-nitrobenzene",-10,Substanta INTERZISA in UE (Anexa II)
"Fenpropidin (ISO); (R,S)-1-[3-(4-tert-butylphenyl)-2-methylpropyl]piperidine",-10,Substanta INTERZISA in UE (Anexa II)
"N,N’-methylenediacrylamide",-10,Substanta INTERZISA in UE (Anexa II)
tert-butyl 2-ethylperoxyhexanoate,-10,Substanta INTERZISA in UE (Anexa II)
Trimethyl borate,-10,Substanta INTERZISA in UE (Anexa II)
S-metolachlor (ISO); 2-chloro-N-(2-ethyl-6-methylphenyl)-N-[(2S)-1-methoxypropan-2-yl]acetamide; (R a S a)-2-chloro-N-(6-ethyl-o-tolyl)-N-[(1S)-2-methoxy-1-methylethyl]acetamide [contains 80-100 % 2-chloro-N-(2-ethyl-6-methylphenyl)-N-[(2S)-1-methoxypropan-2-yl]acetamide and 0-20 % 2-chloro-N-(2-ethyl-6-methylphenyl)-N-[(2R)-1-methoxypropan-2-yl]acetamide],-10,Substanta INTERZISA in UE (Anexa II)
Pyraclostrobin (ISO); methyl N-(2-{[1-(4-chlorophenyl)-1H-pyrazol-3-yl]oxymethyl}phenyl) N-methoxy carbamate,-10,Substanta INTERZISA in UE (Anexa II)
